<?xml version="1.0"?>
<COLLADA xmlns="http://www.collada.org/2005/11/COLLADASchema" version="1.4.1">
  <asset>
    <contributor>
      <author>Assimp</author>
      <authoring_tool>Assimp Exporter</authoring_tool>
    </contributor>
    <created>2019-08-02T15:02:10</created>
    <modified>2019-08-02T15:02:10</modified>
    <unit name="meter" meter="0.01" />
    <up_axis>Y_UP</up_axis>
  </asset>
  <library_effects>
    <effect id="mPilalr-fx" name="mPilalr">
      <profile_COMMON>
        <technique sid="standard">
          <phong>
            <diffuse>
              <color sid="diffuse">0.8   0.8   0.8   1</color>
            </diffuse>
          </phong>
        </technique>
      </profile_COMMON>
    </effect>
  </library_effects>
  <library_materials>
    <material id="mPilalr" name="mPilalr">
      <instance_effect url="#mPilalr-fx"/>
    </material>
  </library_materials>
  <library_geometries>
    <geometry id="meshId0" name="meshId0_name" >
      <mesh>
        <source id="meshId0-positions" name="meshId0-positions">
          <float_array id="meshId0-positions-array" count="3426"> -0.208879 -0.547822 0.0865204 -0.226089 -0.547822 -7.63652e-08 -0.226089 -0.960487 -9.13359e-09 -0.208879 -0.960487 0.0865205 -0.208879 -0.960487 -0.0865205 -0.159869 -0.960487 -0.159869 -0.223816 -0.960487 -0.223817 -0.29243 -0.960487 -0.121129 0 -0.960487 -0.226089 0.0865204 -0.960487 -0.208879 0.121129 -0.960487 -0.29243 -8.92781e-09 -0.960487 -0.316524 -0.226089 -0.960487 -9.13359e-09 -0.226089 -0.547822 -7.63652e-08 -0.208879 -0.547822 -0.0865206 -0.208879 -0.960487 -0.0865205 -0.0865203 -0.960487 -0.208879 -0.121128 -0.960487 -0.29243 0.159869 -0.960487 -0.159869 0.223816 -0.960487 -0.223817 -0.159869 -0.547822 -0.159869 -0.159869 -0.960487 -0.159869 0.159869 -0.547822 0.159869 0.208879 -0.547822 0.0865204 0.160133 -0.465947 0.0663291 0.12256 -0.465946 0.12256 0 -0.960487 -0.226089 0 -0.547822 -0.226089 0.0865204 -0.547822 -0.208879 0.0865204 -0.960487 -0.208879 0 -0.960487 -0.226089 -8.92781e-09 -0.960487 -0.316524 -0.159869 -0.960487 -0.159869 -0.159869 -0.547822 -0.159869 -0.0865203 -0.547822 -0.208879 -0.0865203 -0.960487 -0.208879 0.208879 -0.960487 -0.0865204 0.29243 -0.960487 -0.121129 0.159869 -0.547822 -0.159869 0.159869 -0.960487 -0.159869 -0.159869 -0.547822 0.159869 -0.208879 -0.547822 0.0865204 -0.208879 -0.960487 0.0865205 -0.159869 -0.960487 0.159869 -0.0865204 -0.547822 0.208879 -0.0865204 -0.960487 0.208879 0.226089 -0.960487 3.44515e-09 0.316524 -0.960487 8.32469e-09 3.41385e-08 -0.547822 0.226089 3.41385e-08 -0.960487 0.226089 0.0865205 -0.960487 0.208879 0.0865205 -0.547822 0.208879 0.159869 -0.960487 -0.159869 0.159869 -0.547822 -0.159869 0.208879 -0.547822 -0.0865205 0.208879 -0.960487 -0.0865204 0.159869 -0.547822 0.159869 0.159869 -0.960487 0.159869 0.226089 -0.960487 3.44515e-09 0.208879 -0.960487 0.0865205 0.29243 -0.960487 0.121129 0.316524 -0.960487 8.32469e-09 0.159869 -0.960487 0.159869 0.208879 -0.960487 0.0865205 0.226089 -0.960487 3.44515e-09 0.226089 -0.547822 -6.37864e-08 0.226089 -0.547822 -6.37864e-08 0.226089 -0.960487 3.44515e-09 0.159869 -0.960487 0.159869 0.223816 -0.960487 0.223817 -0.121128 -1 -0.29243 -0.121128 -0.960487 -0.29243 -8.92781e-09 -0.960487 -0.316524 -8.92781e-09 -1 -0.316524 -0.223816 -1 -0.223817 -0.223816 -0.960487 -0.223817 -0.29243 -1 -0.121129 -0.29243 -0.960487 -0.121129 -0.223816 -0.960487 -0.223817 -0.223816 -1 -0.223817 -0.316524 -1 -2.84804e-09 -0.316524 -0.960487 -9.28555e-09 -0.29243 -1 0.121129 -0.29243 -0.960487 0.121129 -0.316524 -0.960487 -9.28555e-09 -0.316524 -1 -2.84804e-09 -0.223816 -1 0.223817 -0.223816 -0.960487 0.223817 -0.29243 -0.960487 0.121129 -0.29243 -1 0.121129 -0.121129 -1 0.29243 -0.121129 -0.960487 0.29243 3.8866e-08 -1 0.316524 3.8866e-08 -0.960487 0.316524 0.121129 -1 0.29243 0.121129 -0.960487 0.29243 3.8866e-08 -0.960487 0.316524 3.8866e-08 -1 0.316524 0.223816 -1 0.223817 0.223816 -0.960487 0.223817 0.29243 -1 0.121129 0.29243 -0.960487 0.121129 0.223816 -0.960487 0.223817 0.223816 -1 0.223817 0.316524 -1 1.47622e-08 0.316524 -0.960487 8.32469e-09 0.29243 -1 -0.121129 0.29243 -0.960487 -0.121129 0.316524 -0.960487 8.32469e-09 0.316524 -1 1.47622e-08 0.223816 -1 -0.223817 0.223816 -0.960487 -0.223817 0.121129 -1 -0.29243 0.121129 -0.960487 -0.29243 0.223816 -0.960487 -0.223817 0.223816 -1 -0.223817 -8.92781e-09 -1 -0.316524 -8.92781e-09 -0.960487 -0.316524 -0.226089 -0.960487 -9.13359e-09 -0.316524 -0.960487 -9.28555e-09 -0.208879 -0.960487 0.0865205 -0.226089 -0.960487 -9.13359e-09 -0.316524 -0.960487 -9.28555e-09 -0.29243 -0.960487 0.121129 -0.159869 -0.960487 0.159869 -0.223816 -0.960487 0.223817 -0.0865204 -0.960487 0.208879 -0.121129 -0.960487 0.29243 3.41385e-08 -0.960487 0.226089 3.8866e-08 -0.960487 0.316524 -8.92781e-09 -1 -0.316524 0.121129 -1 -0.29243 0.223816 -1 -0.223817 0.29243 -1 -0.121129 0.316524 -1 1.47622e-08 0.29243 -1 0.121129 0.223816 -1 0.223817 0.121129 -1 0.29243 3.8866e-08 -1 0.316524 -0.121129 -1 0.29243 -0.223816 -1 0.223817 -0.29243 -1 0.121129 -0.316524 -1 -2.84804e-09 -0.29243 -1 -0.121129 -0.223816 -1 -0.223817 -0.121128 -1 -0.29243 0.0865205 -0.960487 0.208879 3.41385e-08 -0.960487 0.226089 3.8866e-08 -0.960487 0.316524 0.121129 -0.960487 0.29243 -0.0663291 -0.465947 -0.160133 -0.12256 -0.465947 -0.12256 -0.12256 -0.331086 -0.12256 -0.0663291 -0.331086 -0.160133 -0.12256 -0.465946 0.12256 -0.160133 -0.465947 0.0663291 9.81939e-10 -0.465947 -0.173326 0.160133 -0.465947 -0.0663292 0.173326 -0.465947 -8.02288e-08 2.71535e-08 -0.465946 0.173326 -0.0663291 -0.465946 0.160133 -0.160133 -0.465947 -0.0663293 -0.12256 -0.465947 -0.12256 0.0663292 -0.465947 -0.160133 0.12256 -0.465947 -0.12256 0.12256 -0.465946 0.12256 0.0663292 -0.465946 0.160133 -0.160133 -0.465947 0.0663291 -0.173326 -0.465947 -8.9872e-08 0.173326 -0.465947 -8.02288e-08 0.12256 -0.465947 -0.12256 -0.173326 -0.465947 -8.9872e-08 0.0663292 -0.331086 0.160133 3.62845e-08 -0.331086 0.173326 1.0113e-08 -0.331086 -0.173327 0.0663292 -0.331086 -0.160133 -0.0663291 -0.331086 0.160133 0.12256 -0.331086 -0.12256 -0.12256 -0.331086 0.12256 0.12256 -0.331086 -0.12256 0.160133 -0.331086 -0.0663292 -0.160133 -0.331086 0.0663291 0.173326 -0.331086 -1.022e-07 -0.160133 -0.331086 0.0663291 -0.173326 -0.331086 -1.11844e-07 0.173326 -0.331086 -1.022e-07 0.160133 -0.331086 0.0663291 -0.173326 -0.331086 -1.11844e-07 -0.160133 -0.331086 -0.0663293 0.12256 -0.331086 0.12256 -0.12256 -0.331086 -0.12256 0.12256 -0.331086 0.12256 0.160133 -0.331086 0.0663291 0.173326 -0.331086 -1.022e-07 0.214867 -0.285868 -1.07942e-07 0.198511 -0.285868 0.082226 -0.151934 -0.285868 0.151934 -0.0822261 -0.285868 0.198511 -0.0663291 -0.24065 0.160133 -0.12256 -0.24065 0.12256 -0.160133 -0.331086 -0.0663293 -0.173326 -0.331086 -1.11844e-07 -0.214867 -0.285868 -1.19897e-07 -0.198511 -0.285868 -0.0822263 0.12256 -0.331086 0.12256 0.151934 -0.285868 0.151934 -0.12256 -0.331086 -0.12256 -0.151934 -0.285868 -0.151934 0.0663292 -0.331086 0.160133 0.12256 -0.331086 0.12256 0.151934 -0.285868 0.151934 0.0822261 -0.285868 0.198511 -0.0663291 -0.331086 -0.160133 -0.12256 -0.331086 -0.12256 -0.151934 -0.285868 -0.151934 -0.082226 -0.285868 -0.198512 3.62845e-08 -0.331086 0.173326 0.0663292 -0.331086 0.160133 0.0822261 -0.285868 0.198511 3.56148e-08 -0.285868 0.214867 0.0663292 -0.331086 -0.160133 1.0113e-08 -0.331086 -0.173327 3.17081e-09 -0.285868 -0.214867 0.0822261 -0.285868 -0.198511 -0.0663291 -0.331086 0.160133 -0.0822261 -0.285868 0.198511 0.12256 -0.331086 -0.12256 0.0663292 -0.331086 -0.160133 0.0822261 -0.285868 -0.198511 0.151934 -0.285868 -0.151934 -0.12256 -0.331086 0.12256 -0.151934 -0.285868 0.151934 0.160133 -0.331086 -0.0663292 0.198511 -0.285868 -0.0822262 -0.160133 -0.331086 0.0663291 -0.12256 -0.331086 0.12256 -0.151934 -0.285868 0.151934 -0.198511 -0.285868 0.082226 0.173326 -0.331086 -1.022e-07 0.160133 -0.331086 -0.0663292 0.198511 -0.285868 -0.0822262 0.214867 -0.285868 -1.07942e-07 -0.173326 -0.331086 -1.11844e-07 -0.160133 -0.331086 0.0663291 -0.198511 -0.285868 0.082226 -0.214867 -0.285868 -1.19897e-07 0.198511 -0.285868 -0.0822262 0.151934 -0.285868 -0.151934 0.12256 -0.24065 -0.12256 0.160133 -0.24065 -0.0663293 -0.198511 -0.285868 0.082226 -0.151934 -0.285868 0.151934 -0.12256 -0.24065 0.12256 -0.160133 -0.24065 0.066329 0.214867 -0.285868 -1.07942e-07 0.198511 -0.285868 -0.0822262 0.160133 -0.24065 -0.0663293 0.173326 -0.24065 -1.16934e-07 -0.214867 -0.285868 -1.19897e-07 -0.173326 -0.24065 -1.26577e-07 0.198511 -0.285868 0.082226 0.214867 -0.285868 -1.07942e-07 0.173326 -0.24065 -1.16934e-07 0.160133 -0.24065 0.066329 -0.198511 -0.285868 -0.0822263 -0.214867 -0.285868 -1.19897e-07 -0.173326 -0.24065 -1.26577e-07 -0.160133 -0.24065 -0.0663293 0.151934 -0.285868 0.151934 0.12256 -0.24065 0.12256 -0.151934 -0.285868 -0.151934 -0.12256 -0.24065 -0.12256 0.0822261 -0.285868 0.198511 0.151934 -0.285868 0.151934 0.12256 -0.24065 0.12256 0.0663292 -0.24065 0.160133 -0.082226 -0.285868 -0.198512 -0.151934 -0.285868 -0.151934 -0.12256 -0.24065 -0.12256 -0.0663291 -0.24065 -0.160133 3.56148e-08 -0.285868 0.214867 0.0822261 -0.285868 0.198511 0.0663292 -0.24065 0.160133 3.47866e-08 -0.24065 0.173326 0.0822261 -0.285868 -0.198511 3.17081e-09 -0.285868 -0.214867 8.61504e-09 -0.24065 -0.173327 0.0663292 -0.24065 -0.160133 0.0822261 -0.285868 -0.198511 0.0663292 -0.24065 -0.160133 -0.151934 -0.127606 0.151934 -0.0822261 -0.127606 0.198511 -0.0663291 -0.0823882 0.160133 -0.12256 -0.0823882 0.12256 -0.0663291 -0.0823882 -0.160133 -0.12256 -0.0823882 -0.12256 -0.12256 -0.0145616 -0.12256 -0.0663291 -0.0145616 -0.160133 0.198511 -0.127606 -0.0822262 0.151934 -0.127606 -0.151934 0.12256 -0.0823882 -0.12256 0.160133 -0.0823882 -0.0663293 -0.198511 -0.127606 0.082226 -0.151934 -0.127606 0.151934 -0.12256 -0.0823882 0.12256 -0.160133 -0.0823882 0.066329 0.214867 -0.127606 -1.33727e-07 0.198511 -0.127606 -0.0822262 0.160133 -0.0823882 -0.0663293 0.173326 -0.0823882 -1.42718e-07 -0.214867 -0.127606 -1.45681e-07 -0.173326 -0.0823882 -1.52362e-07 0.198511 -0.127606 0.082226 0.214867 -0.127606 -1.33727e-07 0.173326 -0.0823882 -1.42718e-07 0.160133 -0.0823882 0.066329 -0.198511 -0.127606 -0.0822263 -0.214867 -0.127606 -1.45681e-07 -0.173326 -0.0823882 -1.52362e-07 -0.160133 -0.0823882 -0.0663293 0.151934 -0.127606 0.151934 0.12256 -0.0823882 0.12256 -0.151934 -0.127606 -0.151934 -0.12256 -0.0823882 -0.12256 0.0822261 -0.127606 0.198511 0.151934 -0.127606 0.151934 0.12256 -0.0823882 0.12256 0.0663292 -0.0823882 0.160133 -0.082226 -0.127606 -0.198512 -0.151934 -0.127606 -0.151934 -0.12256 -0.0823882 -0.12256 -0.0663291 -0.0823882 -0.160133 3.56148e-08 -0.127606 0.214867 0.0822261 -0.127606 0.198511 0.0663292 -0.0823882 0.160133 3.47866e-08 -0.0823882 0.173326 0.0822261 -0.127606 -0.198512 3.17081e-09 -0.127606 -0.214867 8.61504e-09 -0.0823882 -0.173327 0.0663292 -0.0823882 -0.160133 0.0822261 -0.127606 -0.198512 0.0663292 -0.0823882 -0.160133 3.47866e-08 -0.0823882 0.173326 0.0663292 -0.0823882 0.160133 0.0663292 -0.0145616 0.160133 1.90585e-08 -0.0145616 0.173326 0.0663292 -0.0823882 -0.160133 8.61504e-09 -0.0823882 -0.173327 1.0113e-08 -0.0145616 -0.173327 0.0663291 -0.0145616 -0.160133 -0.0663291 -0.0823882 0.160133 -0.0663291 -0.0145616 0.160133 0.12256 -0.0823882 -0.12256 0.12256 -0.0145616 -0.12256 -0.12256 -0.0823882 0.12256 -0.12256 -0.0145616 0.12256 0.160133 -0.0823882 -0.0663293 0.12256 -0.0823882 -0.12256 0.12256 -0.0145616 -0.12256 0.160133 -0.0145616 -0.0663293 -0.160133 -0.0823882 0.066329 -0.160133 -0.0145616 0.066329 0.173326 -0.0823882 -1.42718e-07 0.173326 -0.0145616 -1.53769e-07 -0.173326 -0.0823882 -1.52362e-07 -0.160133 -0.0823882 0.066329 -0.160133 -0.0145616 0.066329 -0.173326 -0.0145616 -1.63412e-07 0.160133 -0.0823882 0.066329 0.173326 -0.0823882 -1.42718e-07 0.173326 -0.0145616 -1.53769e-07 0.160133 -0.0145616 0.066329 -0.160133 -0.0823882 -0.0663293 -0.173326 -0.0823882 -1.52362e-07 -0.173326 -0.0145616 -1.63412e-07 -0.160133 -0.0145616 -0.0663293 0.12256 -0.0823882 0.12256 0.12256 -0.0145616 0.12256 -0.12256 -0.0823882 -0.12256 -0.12256 -0.0145616 -0.12256 0.12256 -0.0823882 0.12256 0.12256 -0.0145616 0.12256 0.160133 -0.0145616 0.066329 0.173326 -0.0145616 -1.53769e-07 0.214867 0.0306562 -1.59511e-07 0.198511 0.0306562 0.082226 -0.151934 0.0306562 0.151934 -0.0822261 0.0306562 0.198511 -0.0663291 0.075874 0.160133 -0.12256 0.075874 0.12256 -0.160133 -0.0145616 -0.0663293 -0.173326 -0.0145616 -1.63412e-07 -0.214867 0.0306562 -1.71465e-07 -0.198511 0.0306562 -0.0822263 0.12256 -0.0145616 0.12256 0.151934 0.0306562 0.151934 -0.12256 -0.0145616 -0.12256 -0.151934 0.0306562 -0.151934 0.0663292 -0.0145616 0.160133 0.12256 -0.0145616 0.12256 0.151934 0.0306562 0.151934 0.0822261 0.0306562 0.198511 -0.0663291 -0.0145616 -0.160133 -0.12256 -0.0145616 -0.12256 -0.151934 0.0306562 -0.151934 -0.082226 0.0306562 -0.198512 1.90585e-08 -0.0145616 0.173326 0.0663292 -0.0145616 0.160133 0.0822261 0.0306562 0.198511 3.56148e-08 0.0306563 0.214867 0.0663291 -0.0145616 -0.160133 1.0113e-08 -0.0145616 -0.173327 3.17081e-09 0.0306561 -0.214867 0.0822261 0.0306562 -0.198512 -0.0663291 -0.0145616 0.160133 -0.0822261 0.0306562 0.198511 0.12256 -0.0145616 -0.12256 0.0663291 -0.0145616 -0.160133 0.0822261 0.0306562 -0.198512 0.151934 0.0306562 -0.151934 -0.12256 -0.0145616 0.12256 -0.151934 0.0306562 0.151934 0.160133 -0.0145616 -0.0663293 0.198511 0.0306562 -0.0822263 -0.160133 -0.0145616 0.066329 -0.12256 -0.0145616 0.12256 -0.151934 0.0306562 0.151934 -0.198511 0.0306562 0.082226 0.173326 -0.0145616 -1.53769e-07 0.160133 -0.0145616 -0.0663293 0.198511 0.0306562 -0.0822263 0.214867 0.0306562 -1.59511e-07 -0.173326 -0.0145616 -1.63412e-07 -0.160133 -0.0145616 0.066329 -0.198511 0.0306562 0.082226 -0.214867 0.0306562 -1.71465e-07 -0.0663291 0.075874 -0.160133 -0.12256 0.075874 -0.12256 -0.12256 0.143701 -0.122561 -0.0663291 0.143701 -0.160133 0.198511 0.0306562 -0.0822263 0.151934 0.0306562 -0.151934 0.12256 0.075874 -0.12256 0.160133 0.075874 -0.0663293 -0.198511 0.0306562 0.082226 -0.151934 0.0306562 0.151934 -0.12256 0.075874 0.12256 -0.160133 0.075874 0.066329 0.214867 0.0306562 -1.59511e-07 0.198511 0.0306562 -0.0822263 0.160133 0.075874 -0.0663293 0.173326 0.075874 -1.68503e-07 -0.214867 0.0306562 -1.71465e-07 -0.173326 0.075874 -1.78146e-07 0.198511 0.0306562 0.082226 0.214867 0.0306562 -1.59511e-07 0.173326 0.075874 -1.68503e-07 0.160133 0.075874 0.066329 -0.198511 0.0306562 -0.0822263 -0.214867 0.0306562 -1.71465e-07 -0.173326 0.075874 -1.78146e-07 -0.160133 0.075874 -0.0663294 0.151934 0.0306562 0.151934 0.12256 0.075874 0.12256 -0.151934 0.0306562 -0.151934 -0.12256 0.075874 -0.12256 0.0822261 0.0306562 0.198511 0.151934 0.0306562 0.151934 0.12256 0.075874 0.12256 0.0663292 0.075874 0.160133 -0.082226 0.0306562 -0.198512 -0.151934 0.0306562 -0.151934 -0.12256 0.075874 -0.12256 -0.0663291 0.075874 -0.160133 3.56148e-08 0.0306563 0.214867 0.0822261 0.0306562 0.198511 0.0663292 0.075874 0.160133 3.47866e-08 0.075874 0.173326 0.0822261 0.0306562 -0.198512 3.17081e-09 0.0306561 -0.214867 8.61504e-09 0.075874 -0.173327 0.0663292 0.075874 -0.160133 0.0822261 0.0306562 -0.198512 0.0663292 0.075874 -0.160133 3.47866e-08 0.075874 0.173326 0.0663292 0.075874 0.160133 0.0663291 0.143701 0.160133 1.90585e-08 0.143701 0.173326 0.0663292 0.075874 -0.160133 8.61504e-09 0.075874 -0.173327 -7.11311e-09 0.143701 -0.173327 0.0663291 0.143701 -0.160133 -0.0663291 0.075874 0.160133 -0.0663291 0.143701 0.160133 0.12256 0.075874 -0.12256 0.12256 0.143701 -0.12256 -0.12256 0.075874 0.12256 -0.12256 0.143701 0.12256 0.160133 0.075874 -0.0663293 0.12256 0.075874 -0.12256 0.12256 0.143701 -0.12256 0.160133 0.143701 -0.0663293 -0.160133 0.075874 0.066329 -0.160133 0.143701 0.066329 0.173326 0.075874 -1.68503e-07 0.173326 0.143701 -1.79553e-07 -0.173326 0.075874 -1.78146e-07 -0.160133 0.075874 0.066329 -0.160133 0.143701 0.066329 -0.173326 0.143701 -1.89196e-07 0.160133 0.075874 0.066329 0.173326 0.075874 -1.68503e-07 0.173326 0.143701 -1.79553e-07 0.160133 0.143701 0.066329 -0.160133 0.075874 -0.0663294 -0.173326 0.075874 -1.78146e-07 -0.173326 0.143701 -1.89196e-07 -0.160133 0.143701 -0.0663294 0.12256 0.075874 0.12256 0.12256 0.143701 0.12256 -0.12256 0.075874 -0.12256 -0.12256 0.143701 -0.122561 0.12256 0.075874 0.12256 0.12256 0.143701 0.12256 0.160133 0.143701 0.066329 0.173326 0.143701 -1.79553e-07 0.214867 0.188918 -1.85295e-07 0.198511 0.188918 0.0822259 -0.151934 0.188918 0.151934 -0.0822261 0.188918 0.198511 -0.0663291 0.234136 0.160133 -0.12256 0.234136 0.12256 -0.160133 0.143701 -0.0663294 -0.173326 0.143701 -1.89196e-07 -0.214867 0.188918 -1.97249e-07 -0.198511 0.188918 -0.0822263 0.12256 0.143701 0.12256 0.151934 0.188918 0.151934 -0.12256 0.143701 -0.122561 -0.151934 0.188918 -0.151934 0.0663291 0.143701 0.160133 0.12256 0.143701 0.12256 0.151934 0.188918 0.151934 0.0822261 0.188918 0.198511 -0.0663291 0.143701 -0.160133 -0.12256 0.143701 -0.122561 -0.151934 0.188918 -0.151934 -0.082226 0.188918 -0.198512 1.90585e-08 0.143701 0.173326 0.0663291 0.143701 0.160133 0.0822261 0.188918 0.198511 3.56148e-08 0.188918 0.214867 0.0663291 0.143701 -0.160133 -7.11311e-09 0.143701 -0.173327 3.17081e-09 0.188918 -0.214867 0.0822261 0.188918 -0.198512 -0.0663291 0.143701 0.160133 -0.0822261 0.188918 0.198511 0.12256 0.143701 -0.12256 0.0663291 0.143701 -0.160133 0.0822261 0.188918 -0.198512 0.151934 0.188918 -0.151934 -0.12256 0.143701 0.12256 -0.151934 0.188918 0.151934 0.160133 0.143701 -0.0663293 0.198511 0.188918 -0.0822263 -0.160133 0.143701 0.066329 -0.12256 0.143701 0.12256 -0.151934 0.188918 0.151934 -0.198511 0.188918 0.0822259 0.173326 0.143701 -1.79553e-07 0.160133 0.143701 -0.0663293 0.198511 0.188918 -0.0822263 0.214867 0.188918 -1.85295e-07 -0.173326 0.143701 -1.89196e-07 -0.160133 0.143701 0.066329 -0.198511 0.188918 0.0822259 -0.214867 0.188918 -1.97249e-07 -0.0663291 0.234136 -0.160133 -0.12256 0.234136 -0.122561 -0.12256 0.301963 -0.122561 -0.0663291 0.301963 -0.160133 0.198511 0.188918 -0.0822263 0.151934 0.188918 -0.151934 0.12256 0.234136 -0.12256 0.160133 0.234136 -0.0663293 -0.198511 0.188918 0.0822259 -0.151934 0.188918 0.151934 -0.12256 0.234136 0.12256 -0.160133 0.234136 0.066329 0.214867 0.188918 -1.85295e-07 0.198511 0.188918 -0.0822263 0.160133 0.234136 -0.0663293 0.173326 0.234136 -1.94287e-07 -0.214867 0.188918 -1.97249e-07 -0.173326 0.234136 -2.0393e-07 0.198511 0.188918 0.0822259 0.214867 0.188918 -1.85295e-07 0.173326 0.234136 -1.94287e-07 0.160133 0.234136 0.066329 -0.198511 0.188918 -0.0822263 -0.214867 0.188918 -1.97249e-07 -0.173326 0.234136 -2.0393e-07 -0.160133 0.234136 -0.0663294 0.151934 0.188918 0.151934 0.12256 0.234136 0.12256 -0.151934 0.188918 -0.151934 -0.12256 0.234136 -0.122561 0.0822261 0.188918 0.198511 0.151934 0.188918 0.151934 0.12256 0.234136 0.12256 0.0663292 0.234136 0.160133 -0.082226 0.188918 -0.198512 -0.151934 0.188918 -0.151934 -0.12256 0.234136 -0.122561 -0.0663291 0.234136 -0.160133 3.56148e-08 0.188918 0.214867 0.0822261 0.188918 0.198511 0.0663292 0.234136 0.160133 3.47866e-08 0.234136 0.173326 0.0822261 0.188918 -0.198512 3.17081e-09 0.188918 -0.214867 8.61504e-09 0.234136 -0.173327 0.0663292 0.234136 -0.160133 0.0822261 0.188918 -0.198512 0.0663292 0.234136 -0.160133 3.47866e-08 0.234136 0.173326 0.0663292 0.234136 0.160133 0.0663292 0.301963 0.160133 1.90585e-08 0.301963 0.173326 0.0663292 0.234136 -0.160133 8.61504e-09 0.234136 -0.173327 -7.11311e-09 0.301963 -0.173327 0.0663291 0.301963 -0.160133 -0.0663291 0.234136 0.160133 -0.0663291 0.301963 0.160133 0.12256 0.234136 -0.12256 0.12256 0.301963 -0.12256 -0.12256 0.234136 0.12256 -0.12256 0.301963 0.12256 0.160133 0.234136 -0.0663293 0.12256 0.234136 -0.12256 0.12256 0.301963 -0.12256 0.160133 0.301963 -0.0663294 -0.160133 0.234136 0.066329 -0.160133 0.301963 0.066329 0.173326 0.234136 -1.94287e-07 0.173326 0.301963 -2.05337e-07 -0.173326 0.234136 -2.0393e-07 -0.160133 0.234136 0.066329 -0.160133 0.301963 0.066329 -0.173326 0.301963 -2.1498e-07 0.160133 0.234136 0.066329 0.173326 0.234136 -1.94287e-07 0.173326 0.301963 -2.05337e-07 0.160133 0.301963 0.066329 -0.160133 0.234136 -0.0663294 -0.173326 0.234136 -2.0393e-07 -0.173326 0.301963 -2.1498e-07 -0.160133 0.301963 -0.0663294 0.12256 0.234136 0.12256 0.12256 0.301963 0.12256 -0.12256 0.234136 -0.122561 -0.12256 0.301963 -0.122561 0.12256 0.234136 0.12256 0.12256 0.301963 0.12256 0.160133 0.301963 0.066329 0.173326 0.301963 -2.05337e-07 0.214867 0.34718 -2.11079e-07 0.198511 0.34718 0.0822259 -0.151934 0.34718 0.151934 -0.0822261 0.34718 0.198511 -0.0663291 0.392398 0.160133 -0.12256 0.392398 0.12256 -0.160133 0.301963 -0.0663294 -0.173326 0.301963 -2.1498e-07 -0.214867 0.34718 -2.23033e-07 -0.198511 0.34718 -0.0822264 0.12256 0.301963 0.12256 0.151934 0.34718 0.151934 -0.12256 0.301963 -0.122561 -0.151934 0.34718 -0.151934 0.0663292 0.301963 0.160133 0.12256 0.301963 0.12256 0.151934 0.34718 0.151934 0.0822261 0.34718 0.198511 -0.0663291 0.301963 -0.160133 -0.12256 0.301963 -0.122561 -0.151934 0.34718 -0.151934 -0.082226 0.34718 -0.198512 1.90585e-08 0.301963 0.173326 0.0663292 0.301963 0.160133 0.0822261 0.34718 0.198511 3.56148e-08 0.34718 0.214867 0.0663291 0.301963 -0.160133 -7.11311e-09 0.301963 -0.173327 3.17081e-09 0.34718 -0.214867 0.0822261 0.34718 -0.198512 -0.0663291 0.301963 0.160133 -0.0822261 0.34718 0.198511 0.12256 0.301963 -0.12256 0.0663291 0.301963 -0.160133 0.0822261 0.34718 -0.198512 0.151934 0.34718 -0.151934 -0.12256 0.301963 0.12256 -0.151934 0.34718 0.151934 0.160133 0.301963 -0.0663294 0.198511 0.34718 -0.0822263 -0.160133 0.301963 0.066329 -0.12256 0.301963 0.12256 -0.151934 0.34718 0.151934 -0.198511 0.34718 0.0822259 0.173326 0.301963 -2.05337e-07 0.160133 0.301963 -0.0663294 0.198511 0.34718 -0.0822263 0.214867 0.34718 -2.11079e-07 -0.173326 0.301963 -2.1498e-07 -0.160133 0.301963 0.066329 -0.198511 0.34718 0.0822259 -0.214867 0.34718 -2.23033e-07 -0.0663291 0.392398 -0.160133 -0.12256 0.392398 -0.122561 -0.12256 0.460225 -0.122561 -0.0663291 0.460225 -0.160133 0.198511 0.34718 -0.0822263 0.151934 0.34718 -0.151934 0.12256 0.392398 -0.122561 0.160133 0.392398 -0.0663294 -0.198511 0.34718 0.0822259 -0.151934 0.34718 0.151934 -0.12256 0.392398 0.12256 -0.160133 0.392398 0.0663289 0.214867 0.34718 -2.11079e-07 0.198511 0.34718 -0.0822263 0.160133 0.392398 -0.0663294 0.173326 0.392398 -2.20071e-07 -0.214867 0.34718 -2.23033e-07 -0.173326 0.392398 -2.29714e-07 0.198511 0.34718 0.0822259 0.214867 0.34718 -2.11079e-07 0.173326 0.392398 -2.20071e-07 0.160133 0.392398 0.0663289 -0.198511 0.34718 -0.0822264 -0.214867 0.34718 -2.23033e-07 -0.173326 0.392398 -2.29714e-07 -0.160133 0.392398 -0.0663294 0.151934 0.34718 0.151934 0.12256 0.392398 0.12256 -0.151934 0.34718 -0.151934 -0.12256 0.392398 -0.122561 0.0822261 0.34718 0.198511 0.151934 0.34718 0.151934 0.12256 0.392398 0.12256 0.0663292 0.392398 0.160132 -0.082226 0.34718 -0.198512 -0.151934 0.34718 -0.151934 -0.12256 0.392398 -0.122561 -0.0663291 0.392398 -0.160133 3.56148e-08 0.34718 0.214867 0.0822261 0.34718 0.198511 0.0663292 0.392398 0.160132 3.47866e-08 0.392398 0.173326 0.0822261 0.34718 -0.198512 3.17081e-09 0.34718 -0.214867 8.61504e-09 0.392398 -0.173327 0.0663292 0.392398 -0.160133 0.0822261 0.34718 -0.198512 0.0663292 0.392398 -0.160133 3.47866e-08 0.392398 0.173326 0.0663292 0.392398 0.160132 0.0663291 0.460225 0.160132 3.62845e-08 0.460225 0.173326 0.0663292 0.392398 -0.160133 8.61504e-09 0.392398 -0.173327 1.0113e-08 0.460225 -0.173327 0.0663291 0.460225 -0.160133 -0.0663291 0.392398 0.160133 -0.0663291 0.460225 0.160132 0.12256 0.392398 -0.122561 0.12256 0.460225 -0.122561 -0.12256 0.392398 0.12256 -0.12256 0.460225 0.12256 0.160133 0.392398 -0.0663294 0.12256 0.392398 -0.122561 0.12256 0.460225 -0.122561 0.160133 0.460225 -0.0663294 -0.160133 0.392398 0.0663289 -0.160133 0.460225 0.0663289 0.173326 0.392398 -2.20071e-07 0.173326 0.460225 -2.31121e-07 -0.173326 0.392398 -2.29714e-07 -0.160133 0.392398 0.0663289 -0.160133 0.460225 0.0663289 -0.173326 0.460225 -2.40764e-07 0.160133 0.392398 0.0663289 0.173326 0.392398 -2.20071e-07 0.173326 0.460225 -2.31121e-07 0.160133 0.460225 0.0663289 -0.160133 0.392398 -0.0663294 -0.173326 0.392398 -2.29714e-07 -0.173326 0.460225 -2.40764e-07 -0.160133 0.460225 -0.0663294 0.12256 0.392398 0.12256 0.12256 0.460225 0.12256 -0.12256 0.392398 -0.122561 -0.12256 0.460225 -0.122561 0.12256 0.392398 0.12256 0.12256 0.460225 0.12256 0.173326 0.460225 -2.31121e-07 0.160133 0.460225 -0.0663294 0.112093 0.492123 -0.0464306 0.121328 0.492123 -2.38605e-07 0.160133 0.460225 0.0663289 0.173326 0.460225 -2.31121e-07 0.121328 0.492123 -2.38605e-07 0.112093 0.492123 0.0464302 0.12256 0.460225 0.12256 0.0857922 0.492123 0.0857919 -0.173326 0.460225 -2.40764e-07 -0.160133 0.460225 0.0663289 -0.112093 0.492123 0.0464302 -0.121328 0.492123 -2.45355e-07 0.0663291 0.460225 0.160132 0.0464304 0.492123 0.112093 -0.160133 0.460225 -0.0663294 -0.173326 0.460225 -2.40764e-07 -0.121328 0.492123 -2.45355e-07 -0.112093 0.492123 -0.0464307 3.62845e-08 0.460225 0.173326 3.12107e-08 0.492123 0.121328 -0.12256 0.460225 -0.122561 -0.0857922 0.492123 -0.0857925 -0.0663291 0.460225 0.160132 -0.0464304 0.492123 0.112093 -0.12256 0.460225 0.12256 -0.0857922 0.492123 0.085792 0.0663291 0.460225 -0.160133 1.0113e-08 0.460225 -0.173327 1.28906e-08 0.492123 -0.121329 0.0464304 0.492123 -0.112093 0.12256 0.460225 -0.122561 0.0857922 0.492123 -0.0857924 -0.0663291 0.460225 -0.160133 -0.0464303 0.492123 -0.112093 0.0866935 0.51168 -2.43074e-07 0.0800944 0.51168 0.0331759 -0.0613015 0.51168 -0.0613018 -0.0331761 0.51168 -0.0800946 0.0800944 0.51168 -0.0331764 0.0866935 0.51168 -2.43074e-07 -0.0800943 0.51168 0.0331759 -0.0866935 0.51168 -2.47897e-07 0.0613016 0.51168 0.0613013 -0.0866935 0.51168 -2.47897e-07 -0.0800943 0.51168 -0.0331764 0.0331762 0.51168 0.0800941 2.86125e-08 0.51168 0.0866933 0.0613016 0.51168 -0.0613018 -0.0331761 0.51168 0.0800941 1.55221e-08 0.51168 -0.0866938 -0.0613015 0.51168 0.0613013 0.0331762 0.51168 -0.0800946 1.55221e-08 0.51168 -0.0866938 -0.0331761 0.51168 -0.0800946 -0.00890512 0.881532 -0.0214993 2.17029e-08 0.881532 -0.0232706 -0.0613015 0.51168 0.0613013 -0.0331761 0.51168 0.0800941 -0.00890513 0.881532 0.0214986 -0.0164545 0.881532 0.0164543 0.0331762 0.51168 -0.0800946 0.00890517 0.881532 -0.0214992 -0.0800943 0.51168 0.0331759 -0.0214989 0.881532 0.00890485 0.0613016 0.51168 -0.0613018 0.0164546 0.881532 -0.0164549 0.0800944 0.51168 0.0331759 0.0866935 0.51168 -2.43074e-07 0.0232703 0.881532 -3.06176e-07 0.021499 0.881532 0.00890485 -0.0613015 0.51168 -0.0613018 -0.0164545 0.881532 -0.0164549 0.0866935 0.51168 -2.43074e-07 0.0800944 0.51168 -0.0331764 0.021499 0.881532 -0.00890546 0.0232703 0.881532 -3.06176e-07 -0.0866935 0.51168 -2.47897e-07 -0.0800943 0.51168 0.0331759 -0.0214989 0.881532 0.00890485 -0.0232703 0.881532 -3.07471e-07 0.0613016 0.51168 0.0613013 0.0164546 0.881532 0.0164543 -0.0800943 0.51168 -0.0331764 -0.0866935 0.51168 -2.47897e-07 -0.0232703 0.881532 -3.07471e-07 -0.0214989 0.881532 -0.00890546 0.0331762 0.51168 0.0800941 0.0613016 0.51168 0.0613013 0.0164546 0.881532 0.0164543 0.00890517 0.881532 0.0214986 -0.0613015 0.51168 -0.0613018 -0.0164545 0.881532 -0.0164549 2.86125e-08 0.51168 0.0866933 2.52166e-08 0.881532 0.02327 0.0613016 0.51168 -0.0613018 0.0164546 0.881532 -0.0164549 0.0309257 0.91551 -0.030926 0.0154629 0.910172 -0.0362639 0.0181318 0.928304 -0.0470287 0.0362636 0.930972 -0.0362639 2.33477e-08 0.908559 -0.0378763 2.33477e-08 0.927497 -0.0501056 -0.0154628 0.910172 -0.0362639 -0.0181317 0.928304 -0.0470287 -0.0309256 0.91551 -0.030926 -0.0362635 0.930972 -0.0362639 0.018938 0.946435 -0.0501056 0.0378761 0.946435 -0.0378764 2.33477e-08 0.946435 -0.0535651 -0.018938 0.946435 -0.0501056 -0.037876 0.946435 -0.0378764 0.0181318 0.964567 -0.0470287 0.0362636 0.961898 -0.0362639 2.33477e-08 0.965373 -0.0501056 -0.0181317 0.964567 -0.0470287 -0.0362635 0.961898 -0.0362639 0.0154629 0.982699 -0.0362639 0.0309257 0.977361 -0.030926 2.33477e-08 0.984311 -0.0378764 -0.0154628 0.982699 -0.0362639 -0.0309256 0.977361 -0.030926 -0.0309256 0.91551 -0.030926 -0.0362635 0.910172 -0.0154631 -0.0470283 0.928304 -0.0181321 -0.0362635 0.930972 -0.0362639 -0.037876 0.908559 -3.12013e-07 -0.0501053 0.927497 -3.15098e-07 -0.037876 0.908559 -3.12013e-07 -0.0362635 0.910172 0.0154625 -0.0470283 0.928304 0.0181315 -0.0501053 0.927497 -3.15098e-07 -0.0309256 0.91551 0.0309253 -0.0362635 0.930972 0.0362632 -0.0501053 0.946435 -0.0189383 -0.037876 0.946435 -0.0378764 -0.0535648 0.946435 -3.18184e-07 -0.0501053 0.946435 0.0189377 -0.0535648 0.946435 -3.18184e-07 -0.037876 0.946435 0.0378757 -0.0470283 0.964567 -0.0181321 -0.0362635 0.961898 -0.0362639 -0.0501053 0.965373 -3.21269e-07 -0.0470283 0.964567 0.0181314 -0.0501053 0.965373 -3.21269e-07 -0.0362635 0.961898 0.0362632 -0.0362635 0.982699 -0.0154632 -0.0309256 0.977361 -0.030926 -0.037876 0.984311 -3.24354e-07 -0.0362635 0.982699 0.0154625 -0.037876 0.984311 -3.24354e-07 -0.0470283 0.964567 0.0181314 -0.0362635 0.961898 0.0362632 -0.0309256 0.977361 0.0309253 -0.0362635 0.982699 0.0154625 -0.0309256 0.91551 0.0309253 -0.0154628 0.910172 0.0362632 -0.0181317 0.928304 0.047028 -0.0362635 0.930972 0.0362632 2.33477e-08 0.908559 0.0378757 2.33477e-08 0.927497 0.050105 0.0154629 0.910172 0.0362632 0.0181318 0.928304 0.047028 0.0309257 0.91551 0.0309253 0.0362636 0.930972 0.0362632 -0.018938 0.946435 0.050105 -0.037876 0.946435 0.0378757 2.33477e-08 0.946435 0.0535645 0.018938 0.946435 0.050105 0.0378761 0.946435 0.0378757 -0.0181317 0.964567 0.047028 2.33477e-08 0.965373 0.050105 0.0181318 0.964567 0.047028 0.0362636 0.961898 0.0362632 -0.0154628 0.982699 0.0362632 2.33477e-08 0.984311 0.0378757 0.0154629 0.982699 0.0362632 0.0309257 0.977361 0.0309253 0.0309257 0.91551 0.0309253 0.0362636 0.910172 0.0154625 0.0470284 0.928304 0.0181315 0.0362636 0.930972 0.0362632 0.0378761 0.908559 -3.12013e-07 0.0501053 0.927497 -3.15098e-07 0.0378761 0.908559 -3.12013e-07 0.0362636 0.910172 -0.0154631 0.0470284 0.928304 -0.0181321 0.0501053 0.927497 -3.15098e-07 0.0309257 0.91551 -0.030926 0.0362636 0.930972 -0.0362639 0.0501053 0.946435 0.0189377 0.0378761 0.946435 0.0378757 0.0535648 0.946435 -3.18184e-07 0.0501053 0.946435 -0.0189383 0.0535648 0.946435 -3.18184e-07 0.0378761 0.946435 -0.0378764 0.0470284 0.964567 0.0181314 0.0362636 0.961898 0.0362632 0.0501053 0.965373 -3.21269e-07 0.0470284 0.964567 -0.0181321 0.0501053 0.965373 -3.21269e-07 0.0362636 0.961898 -0.0362639 0.0362636 0.982699 0.0154625 0.0309257 0.977361 0.0309253 0.0378761 0.984311 -3.24354e-07 0.0362636 0.982699 -0.0154632 0.0378761 0.984311 -3.24354e-07 0.0309257 0.977361 -0.030926 -0.0164545 0.881532 0.0164543 0.0309257 0.977361 -0.030926 0.0154629 0.982699 -0.0362639 0.0181318 0.993464 -0.0181321 0.0362636 0.982699 -0.0154632 2.33477e-08 0.984311 -0.0378764 2.33477e-08 0.99654 -0.0189383 -0.0154628 0.982699 -0.0362639 -0.0181317 0.993464 -0.0181321 -0.0309256 0.977361 -0.030926 -0.0362635 0.982699 -0.0154632 0.018938 0.99654 -3.26347e-07 0.0378761 0.984311 -3.24354e-07 2.33477e-08 1 -3.2691e-07 -0.018938 0.99654 -3.26347e-07 -0.037876 0.984311 -3.24354e-07 0.0378761 0.984311 -3.24354e-07 0.018938 0.99654 -3.26347e-07 0.0181318 0.993464 0.0181314 0.0362636 0.982699 0.0154625 2.33477e-08 1 -3.2691e-07 2.33477e-08 0.99654 0.0189377 -0.018938 0.99654 -3.26347e-07 -0.0181317 0.993464 0.0181314 -0.037876 0.984311 -3.24354e-07 -0.0362635 0.982699 0.0154625 0.0154629 0.982699 0.0362632 0.0309257 0.977361 0.0309253 2.33477e-08 0.984311 0.0378757 -0.0154628 0.982699 0.0362632 -0.0309256 0.977361 0.0309253 -0.12256 -0.24065 0.12256 -0.0663291 -0.24065 0.160133 -0.0663291 -0.172824 0.160133 -0.12256 -0.172824 0.12256 0.12256 -0.24065 0.12256 0.160133 -0.24065 0.066329 0.160133 -0.172824 0.066329 0.12256 -0.172824 0.12256 0.12256 -0.24065 -0.12256 0.0663292 -0.24065 -0.160133 0.0663292 -0.172824 -0.160133 0.12256 -0.172824 -0.12256 8.61504e-09 -0.24065 -0.173327 -0.0663291 -0.24065 -0.160133 -0.0663291 -0.172824 -0.160133 8.61504e-09 -0.172824 -0.173327 -0.160133 -0.24065 -0.0663293 -0.173326 -0.24065 -1.26577e-07 -0.173326 -0.172824 -1.37628e-07 -0.160133 -0.172824 -0.0663293 3.47866e-08 -0.24065 0.173326 3.47866e-08 -0.172824 0.173326 0.173326 -0.24065 -1.16934e-07 0.173326 -0.172824 -1.27984e-07 -0.173326 -0.24065 -1.26577e-07 -0.160133 -0.24065 0.066329 -0.160133 -0.172824 0.066329 -0.173326 -0.172824 -1.37628e-07 0.0663292 -0.24065 0.160133 0.0663292 -0.172824 0.160133 0.173326 -0.24065 -1.16934e-07 0.160133 -0.24065 -0.0663293 0.160133 -0.172824 -0.0663293 0.173326 -0.172824 -1.27984e-07 -0.12256 -0.24065 -0.12256 -0.12256 -0.172824 -0.12256 -0.160133 -0.24065 0.066329 -0.160133 -0.172824 0.066329 0.12256 -0.24065 0.12256 0.12256 -0.172824 0.12256 0.12256 -0.24065 -0.12256 0.12256 -0.172824 -0.12256 -0.12256 -0.24065 -0.12256 -0.12256 -0.172824 -0.12256 3.17081e-09 -0.127606 -0.214867 8.61504e-09 -0.172824 -0.173327 -0.0663291 -0.172824 -0.160133 -0.082226 -0.127606 -0.198512 -0.12256 -0.172824 -0.12256 -0.151934 -0.127606 -0.151934 -0.151934 -0.127606 -0.151934 -0.12256 -0.172824 -0.12256 -0.160133 -0.172824 -0.0663293 -0.198511 -0.127606 -0.0822263 -0.173326 -0.172824 -1.37628e-07 -0.214867 -0.127606 -1.45681e-07 -0.214867 -0.127606 -1.45681e-07 -0.173326 -0.172824 -1.37628e-07 -0.160133 -0.172824 0.066329 -0.198511 -0.127606 0.082226 -0.198511 -0.127606 0.082226 -0.160133 -0.172824 0.066329 -0.12256 -0.172824 0.12256 -0.151934 -0.127606 0.151934 -0.151934 -0.127606 0.151934 -0.12256 -0.172824 0.12256 -0.0663291 -0.172824 0.160133 -0.0822261 -0.127606 0.198511 3.47866e-08 -0.172824 0.173326 3.56148e-08 -0.127606 0.214867 0.0663292 -0.172824 0.160133 0.0822261 -0.127606 0.198511 0.0822261 -0.127606 0.198511 0.0663292 -0.172824 0.160133 0.12256 -0.172824 0.12256 0.151934 -0.127606 0.151934 0.151934 -0.127606 0.151934 0.12256 -0.172824 0.12256 0.160133 -0.172824 0.066329 0.198511 -0.127606 0.082226 0.173326 -0.172824 -1.27984e-07 0.214867 -0.127606 -1.33727e-07 0.214867 -0.127606 -1.33727e-07 0.173326 -0.172824 -1.27984e-07 0.160133 -0.172824 -0.0663293 0.198511 -0.127606 -0.0822262 0.198511 -0.127606 -0.0822262 0.160133 -0.172824 -0.0663293 0.12256 -0.172824 -0.12256 0.151934 -0.127606 -0.151934 0.0663292 -0.172824 -0.160133 0.0822261 -0.127606 -0.198512 0.0822261 -0.127606 -0.198512 0.0663292 -0.172824 -0.160133 </float_array>
          <technique_common>
            <accessor count="1142" offset="0" source="#meshId0-positions-array" stride="3">
              <param name="X" type="float" />
              <param name="Y" type="float" />
              <param name="Z" type="float" />
            </accessor>
          </technique_common>
        </source>
        <source id="meshId0-normals" name="meshId0-normals">
          <float_array id="meshId0-normals-array" count="3426"> -0.888721 0.273239 0.368123 -0.961946 0.273241 -4.45167e-08 -0.657142 0.753767 -1.22804e-07 -0.607121 0.753766 0.251479 -0.607121 0.753766 -0.251479 -0.464662 0.753775 -0.464663 -0.527647 0.665716 -0.527647 -0.689406 0.665722 -0.285541 0 0.753766 -0.657142 0.251479 0.753766 -0.607121 0.285541 0.665722 -0.689406 0 0.665721 -0.746201 -0.657142 0.753767 -1.22804e-07 -0.961946 0.273241 -4.45167e-08 -0.888721 0.273239 -0.368124 -0.607121 0.753766 -0.251479 -0.251479 0.753766 -0.607121 -0.285541 0.665722 -0.689406 0.464662 0.753775 -0.464663 0.527647 0.665716 -0.527647 -0.680197 0.273245 -0.680198 -0.464662 0.753775 -0.464663 0.680197 0.273245 0.680197 0.888721 0.273239 0.368123 0.883532 0.292313 0.365956 0.676222 0.292316 0.676222 0 0.753766 -0.657142 0 0.273241 -0.961946 0.368124 0.273239 -0.888721 0.251479 0.753766 -0.607121 0 0.753766 -0.657142 0 0.665721 -0.746201 -0.464662 0.753775 -0.464663 -0.680197 0.273245 -0.680198 -0.368124 0.273239 -0.888721 -0.251479 0.753766 -0.607121 0.607121 0.753766 -0.251479 0.689406 0.665722 -0.285541 0.680197 0.273245 -0.680198 0.464662 0.753775 -0.464663 -0.680197 0.273245 0.680197 -0.888721 0.273239 0.368123 -0.607121 0.753766 0.251479 -0.464662 0.753776 0.464662 -0.368123 0.273239 0.888721 -0.251479 0.753766 0.60712 0.657142 0.753767 -1.22804e-07 0.746201 0.665721 -1.0846e-07 0 0.273242 0.961945 0 0.753767 0.657142 0.251479 0.753766 0.60712 0.368123 0.273239 0.888721 0.464662 0.753775 -0.464663 0.680197 0.273245 -0.680198 0.888721 0.273239 -0.368124 0.607121 0.753766 -0.251479 0.680197 0.273245 0.680197 0.464662 0.753776 0.464662 0.657142 0.753767 -1.22804e-07 0.607121 0.753766 0.251479 0.689406 0.665722 0.285541 0.746201 0.665721 -1.0846e-07 0.464662 0.753776 0.464662 0.607121 0.753766 0.251479 0.657142 0.753767 -1.22804e-07 0.961946 0.273241 -4.45167e-08 0.961946 0.273241 -4.45167e-08 0.657142 0.753767 -1.22804e-07 0.464662 0.753776 0.464662 0.527647 0.665716 0.527647 -0.285541 -0.665723 -0.689406 -0.285541 0.665722 -0.689406 0 0.665721 -0.746201 0 -0.665721 -0.746201 -0.527647 -0.665716 -0.527647 -0.527647 0.665716 -0.527647 -0.689406 -0.665722 -0.285541 -0.689406 0.665722 -0.285541 -0.527647 0.665716 -0.527647 -0.527647 -0.665716 -0.527647 -0.746201 -0.665721 1.0846e-07 -0.746201 0.665721 -1.0846e-07 -0.689406 -0.665722 0.285541 -0.689406 0.665722 0.285541 -0.746201 0.665721 -1.0846e-07 -0.746201 -0.665721 1.0846e-07 -0.527647 -0.665716 0.527647 -0.527647 0.665716 0.527647 -0.689406 0.665722 0.285541 -0.689406 -0.665722 0.285541 -0.285541 -0.665722 0.689406 -0.285541 0.665723 0.689406 0 -0.665721 0.746201 0 0.665721 0.746201 0.285541 -0.665722 0.689406 0.285541 0.665723 0.689406 0 0.665721 0.746201 0 -0.665721 0.746201 0.527647 -0.665716 0.527647 0.527647 0.665716 0.527647 0.689406 -0.665722 0.285541 0.689406 0.665722 0.285541 0.527647 0.665716 0.527647 0.527647 -0.665716 0.527647 0.746201 -0.665721 1.0846e-07 0.746201 0.665721 -1.0846e-07 0.689406 -0.665722 -0.285541 0.689406 0.665722 -0.285541 0.746201 0.665721 -1.0846e-07 0.746201 -0.665721 1.0846e-07 0.527647 -0.665716 -0.527647 0.527647 0.665716 -0.527647 0.285541 -0.665723 -0.689406 0.285541 0.665722 -0.689406 0.527647 0.665716 -0.527647 0.527647 -0.665716 -0.527647 0 -0.665721 -0.746201 0 0.665721 -0.746201 -0.657142 0.753767 -1.22804e-07 -0.746201 0.665721 -1.0846e-07 -0.607121 0.753766 0.251479 -0.657142 0.753767 -1.22804e-07 -0.746201 0.665721 -1.0846e-07 -0.689406 0.665722 0.285541 -0.464662 0.753776 0.464662 -0.527647 0.665716 0.527647 -0.251479 0.753766 0.60712 -0.285541 0.665723 0.689406 0 0.753767 0.657142 0 0.665721 0.746201 0 -0.665721 -0.746201 0.285541 -0.665723 -0.689406 0.527647 -0.665716 -0.527647 0.689406 -0.665722 -0.285541 0.746201 -0.665721 1.0846e-07 0.689406 -0.665722 0.285541 0.527647 -0.665716 0.527647 0.285541 -0.665722 0.689406 0 -0.665721 0.746201 -0.285541 -0.665722 0.689406 -0.527647 -0.665716 0.527647 -0.689406 -0.665722 0.285541 -0.746201 -0.665721 1.0846e-07 -0.689406 -0.665722 -0.285541 -0.527647 -0.665716 -0.527647 -0.285541 -0.665723 -0.689406 0.251479 0.753766 0.60712 0 0.753767 0.657142 0 0.665721 0.746201 0.285541 0.665723 0.689406 -0.365956 0.292313 -0.883532 -0.676222 0.292316 -0.676222 -0.654285 -0.37924 -0.654285 -0.354084 -0.379232 -0.854873 -0.676222 0.292316 0.676222 -0.883532 0.292313 0.365956 0 0.292314 -0.956322 0.883532 0.292313 -0.365956 0.956322 0.292314 -4.7624e-08 0 0.292314 0.956322 -0.365956 0.292313 0.883532 -0.883532 0.292313 -0.365956 -0.676222 0.292316 -0.676222 0.365956 0.292313 -0.883532 0.676222 0.292316 -0.676222 0.676222 0.292316 0.676222 0.365956 0.292313 0.883532 -0.883532 0.292313 0.365956 -0.956322 0.292314 -4.7624e-08 0.956322 0.292314 -4.7624e-08 0.676222 0.292316 -0.676222 -0.956322 0.292314 -4.7624e-08 0.354084 -0.379231 0.854873 0 -0.379228 0.925303 0 -0.379228 -0.925303 0.354084 -0.379232 -0.854873 -0.354084 -0.379231 0.854873 0.654285 -0.37924 -0.654285 -0.654285 -0.37924 0.654285 0.654285 -0.37924 -0.654285 0.854873 -0.379232 -0.354084 -0.854873 -0.379231 0.354084 0.925303 -0.379228 6.17841e-08 -0.854873 -0.379231 0.354084 -0.925303 -0.379228 6.17841e-08 0.925303 -0.379228 6.17841e-08 0.854873 -0.379231 0.354084 -0.925303 -0.379228 6.17841e-08 -0.854873 -0.379232 -0.354084 0.654285 -0.37924 0.654285 -0.654285 -0.37924 -0.654285 0.654285 -0.37924 0.654285 0.854873 -0.379231 0.354084 0.925303 -0.379228 6.17841e-08 1 0 0 0.92388 6.23467e-08 0.382682 -0.707107 1.15202e-07 0.707107 -0.382682 1.50519e-07 0.92388 -0.354084 0.379232 0.854873 -0.654285 0.37924 0.654285 -0.854873 -0.379232 -0.354084 -0.925303 -0.379228 6.17841e-08 -1 0 -0 -0.92388 -6.23467e-08 -0.382682 0.654285 -0.37924 0.654285 0.707107 1.15202e-07 0.707107 -0.654285 -0.37924 -0.654285 -0.707107 -1.15202e-07 -0.707107 0.354084 -0.379231 0.854873 0.654285 -0.37924 0.654285 0.707107 1.15202e-07 0.707107 0.382682 1.50519e-07 0.92388 -0.354084 -0.379232 -0.854873 -0.654285 -0.37924 -0.654285 -0.707107 -1.15202e-07 -0.707107 -0.382682 -1.50519e-07 -0.92388 0 -0.379228 0.925303 0.354084 -0.379231 0.854873 0.382682 1.50519e-07 0.92388 0 1.62921e-07 1 0.354084 -0.379232 -0.854873 0 -0.379228 -0.925303 0 -1.62921e-07 -1 0.382682 -1.50519e-07 -0.92388 -0.354084 -0.379231 0.854873 -0.382682 1.50519e-07 0.92388 0.654285 -0.37924 -0.654285 0.354084 -0.379232 -0.854873 0.382682 -1.50519e-07 -0.92388 0.707107 -1.15202e-07 -0.707107 -0.654285 -0.37924 0.654285 -0.707107 1.15202e-07 0.707107 0.854873 -0.379232 -0.354084 0.92388 -6.23467e-08 -0.382682 -0.854873 -0.379231 0.354084 -0.654285 -0.37924 0.654285 -0.707107 1.15202e-07 0.707107 -0.92388 6.23467e-08 0.382682 0.925303 -0.379228 6.17841e-08 0.854873 -0.379232 -0.354084 0.92388 -6.23467e-08 -0.382682 1 0 0 -0.925303 -0.379228 6.17841e-08 -0.854873 -0.379231 0.354084 -0.92388 6.23467e-08 0.382682 -1 0 -0 0.92388 -6.23467e-08 -0.382682 0.707107 -1.15202e-07 -0.707107 0.654285 0.37924 -0.654285 0.854873 0.379231 -0.354084 -0.92388 6.23467e-08 0.382682 -0.707107 1.15202e-07 0.707107 -0.654285 0.37924 0.654285 -0.854873 0.379232 0.354084 1 0 0 0.92388 -6.23467e-08 -0.382682 0.854873 0.379231 -0.354084 0.925303 0.379228 -6.17841e-08 -1 0 -0 -0.925303 0.379228 -6.17841e-08 0.92388 6.23467e-08 0.382682 1 0 0 0.925303 0.379228 -6.17841e-08 0.854873 0.379232 0.354084 -0.92388 -6.23467e-08 -0.382682 -1 0 -0 -0.925303 0.379228 -6.17841e-08 -0.854873 0.379231 -0.354084 0.707107 1.15202e-07 0.707107 0.654285 0.37924 0.654285 -0.707107 -1.15202e-07 -0.707107 -0.654285 0.37924 -0.654285 0.382682 1.50519e-07 0.92388 0.707107 1.15202e-07 0.707107 0.654285 0.37924 0.654285 0.354084 0.379232 0.854873 -0.382682 -1.50519e-07 -0.92388 -0.707107 -1.15202e-07 -0.707107 -0.654285 0.37924 -0.654285 -0.354084 0.379231 -0.854873 0 1.62921e-07 1 0.382682 1.50519e-07 0.92388 0.354084 0.379232 0.854873 0 0.379228 0.925303 0.382682 -1.50519e-07 -0.92388 0 -1.62921e-07 -1 0 0.379228 -0.925303 0.354084 0.379231 -0.854873 0.382682 -1.50519e-07 -0.92388 0.354084 0.379231 -0.854873 -0.707107 1.15202e-07 0.707107 -0.382682 1.50519e-07 0.92388 -0.354084 0.379232 0.854873 -0.654285 0.37924 0.654285 -0.354084 0.379231 -0.854873 -0.654285 0.37924 -0.654285 -0.654285 -0.37924 -0.654285 -0.354084 -0.379232 -0.854873 0.92388 -6.23467e-08 -0.382682 0.707107 -1.15202e-07 -0.707107 0.654285 0.37924 -0.654285 0.854873 0.379231 -0.354084 -0.92388 6.23467e-08 0.382682 -0.707107 1.15202e-07 0.707107 -0.654285 0.37924 0.654285 -0.854873 0.379232 0.354084 1 0 0 0.92388 -6.23467e-08 -0.382682 0.854873 0.379231 -0.354084 0.925303 0.379228 -6.17841e-08 -1 0 -0 -0.925303 0.379228 -6.17841e-08 0.92388 6.23467e-08 0.382682 1 0 0 0.925303 0.379228 -6.17841e-08 0.854873 0.379232 0.354084 -0.92388 -6.23467e-08 -0.382682 -1 0 -0 -0.925303 0.379228 -6.17841e-08 -0.854873 0.379231 -0.354084 0.707107 1.15202e-07 0.707107 0.654285 0.37924 0.654285 -0.707107 -1.15202e-07 -0.707107 -0.654285 0.37924 -0.654285 0.382682 1.50519e-07 0.92388 0.707107 1.15202e-07 0.707107 0.654285 0.37924 0.654285 0.354084 0.379232 0.854873 -0.382682 -1.50519e-07 -0.92388 -0.707107 -1.15202e-07 -0.707107 -0.654285 0.37924 -0.654285 -0.354084 0.379231 -0.854873 0 1.62921e-07 1 0.382682 1.50519e-07 0.92388 0.354084 0.379232 0.854873 0 0.379228 0.925303 0.382682 -1.50519e-07 -0.92388 0 -1.62921e-07 -1 0 0.379228 -0.925303 0.354084 0.379231 -0.854873 0.382682 -1.50519e-07 -0.92388 0.354084 0.379231 -0.854873 0 0.379228 0.925303 0.354084 0.379232 0.854873 0.354084 -0.379231 0.854873 0 -0.379228 0.925303 0.354084 0.379231 -0.854873 0 0.379228 -0.925303 0 -0.379228 -0.925303 0.354084 -0.379232 -0.854873 -0.354084 0.379232 0.854873 -0.354084 -0.379231 0.854873 0.654285 0.37924 -0.654285 0.654285 -0.37924 -0.654285 -0.654285 0.37924 0.654285 -0.654285 -0.37924 0.654285 0.854873 0.379231 -0.354084 0.654285 0.37924 -0.654285 0.654285 -0.37924 -0.654285 0.854873 -0.379232 -0.354084 -0.854873 0.379232 0.354084 -0.854873 -0.379231 0.354084 0.925303 0.379228 -6.17841e-08 0.925303 -0.379228 6.17841e-08 -0.925303 0.379228 -6.17841e-08 -0.854873 0.379232 0.354084 -0.854873 -0.379231 0.354084 -0.925303 -0.379228 6.17841e-08 0.854873 0.379232 0.354084 0.925303 0.379228 -6.17841e-08 0.925303 -0.379228 6.17841e-08 0.854873 -0.379231 0.354084 -0.854873 0.379231 -0.354084 -0.925303 0.379228 -6.17841e-08 -0.925303 -0.379228 6.17841e-08 -0.854873 -0.379232 -0.354084 0.654285 0.37924 0.654285 0.654285 -0.37924 0.654285 -0.654285 0.37924 -0.654285 -0.654285 -0.37924 -0.654285 0.654285 0.37924 0.654285 0.654285 -0.37924 0.654285 0.854873 -0.379231 0.354084 0.925303 -0.379228 6.17841e-08 1 0 0 0.92388 6.23467e-08 0.382682 -0.707107 1.15202e-07 0.707107 -0.382682 1.50519e-07 0.92388 -0.354084 0.379232 0.854873 -0.654285 0.37924 0.654285 -0.854873 -0.379232 -0.354084 -0.925303 -0.379228 6.17841e-08 -1 0 -0 -0.92388 -6.23467e-08 -0.382682 0.654285 -0.37924 0.654285 0.707107 1.15202e-07 0.707107 -0.654285 -0.37924 -0.654285 -0.707107 -1.15202e-07 -0.707107 0.354084 -0.379231 0.854873 0.654285 -0.37924 0.654285 0.707107 1.15202e-07 0.707107 0.382682 1.50519e-07 0.92388 -0.354084 -0.379232 -0.854873 -0.654285 -0.37924 -0.654285 -0.707107 -1.15202e-07 -0.707107 -0.382682 -1.50519e-07 -0.92388 0 -0.379228 0.925303 0.354084 -0.379231 0.854873 0.382682 1.50519e-07 0.92388 0 1.62921e-07 1 0.354084 -0.379232 -0.854873 0 -0.379228 -0.925303 0 -1.62921e-07 -1 0.382682 -1.50519e-07 -0.92388 -0.354084 -0.379231 0.854873 -0.382682 1.50519e-07 0.92388 0.654285 -0.37924 -0.654285 0.354084 -0.379232 -0.854873 0.382682 -1.50519e-07 -0.92388 0.707107 -1.15202e-07 -0.707107 -0.654285 -0.37924 0.654285 -0.707107 1.15202e-07 0.707107 0.854873 -0.379232 -0.354084 0.92388 -6.23467e-08 -0.382682 -0.854873 -0.379231 0.354084 -0.654285 -0.37924 0.654285 -0.707107 1.15202e-07 0.707107 -0.92388 6.23467e-08 0.382682 0.925303 -0.379228 6.17841e-08 0.854873 -0.379232 -0.354084 0.92388 -6.23467e-08 -0.382682 1 0 0 -0.925303 -0.379228 6.17841e-08 -0.854873 -0.379231 0.354084 -0.92388 6.23467e-08 0.382682 -1 0 -0 -0.354084 0.379231 -0.854873 -0.654285 0.37924 -0.654285 -0.654285 -0.37924 -0.654285 -0.354084 -0.379232 -0.854873 0.92388 -6.23467e-08 -0.382682 0.707107 -1.15202e-07 -0.707107 0.654285 0.37924 -0.654285 0.854873 0.379231 -0.354084 -0.92388 6.23467e-08 0.382682 -0.707107 1.15202e-07 0.707107 -0.654285 0.37924 0.654285 -0.854873 0.379232 0.354084 1 0 0 0.92388 -6.23467e-08 -0.382682 0.854873 0.379231 -0.354084 0.925303 0.379228 -6.17841e-08 -1 0 -0 -0.925303 0.379228 -6.17841e-08 0.92388 6.23467e-08 0.382682 1 0 0 0.925303 0.379228 -6.17841e-08 0.854873 0.379232 0.354084 -0.92388 -6.23467e-08 -0.382682 -1 0 -0 -0.925303 0.379228 -6.17841e-08 -0.854873 0.379231 -0.354084 0.707107 1.15202e-07 0.707107 0.654285 0.37924 0.654285 -0.707107 -1.15202e-07 -0.707107 -0.654285 0.37924 -0.654285 0.382682 1.50519e-07 0.92388 0.707107 1.15202e-07 0.707107 0.654285 0.37924 0.654285 0.354084 0.379232 0.854873 -0.382682 -1.50519e-07 -0.92388 -0.707107 -1.15202e-07 -0.707107 -0.654285 0.37924 -0.654285 -0.354084 0.379231 -0.854873 0 1.62921e-07 1 0.382682 1.50519e-07 0.92388 0.354084 0.379232 0.854873 0 0.379228 0.925303 0.382682 -1.50519e-07 -0.92388 0 -1.62921e-07 -1 0 0.379228 -0.925303 0.354084 0.379231 -0.854873 0.382682 -1.50519e-07 -0.92388 0.354084 0.379231 -0.854873 0 0.379228 0.925303 0.354084 0.379232 0.854873 0.354084 -0.379231 0.854873 0 -0.379228 0.925303 0.354084 0.379231 -0.854873 0 0.379228 -0.925303 0 -0.379228 -0.925303 0.354084 -0.379232 -0.854873 -0.354084 0.379232 0.854873 -0.354084 -0.379231 0.854873 0.654285 0.37924 -0.654285 0.654285 -0.37924 -0.654285 -0.654285 0.37924 0.654285 -0.654285 -0.37924 0.654285 0.854873 0.379231 -0.354084 0.654285 0.37924 -0.654285 0.654285 -0.37924 -0.654285 0.854873 -0.379232 -0.354084 -0.854873 0.379232 0.354084 -0.854873 -0.379231 0.354084 0.925303 0.379228 -6.17841e-08 0.925303 -0.379228 6.17841e-08 -0.925303 0.379228 -6.17841e-08 -0.854873 0.379232 0.354084 -0.854873 -0.379231 0.354084 -0.925303 -0.379228 6.17841e-08 0.854873 0.379232 0.354084 0.925303 0.379228 -6.17841e-08 0.925303 -0.379228 6.17841e-08 0.854873 -0.379231 0.354084 -0.854873 0.379231 -0.354084 -0.925303 0.379228 -6.17841e-08 -0.925303 -0.379228 6.17841e-08 -0.854873 -0.379232 -0.354084 0.654285 0.37924 0.654285 0.654285 -0.37924 0.654285 -0.654285 0.37924 -0.654285 -0.654285 -0.37924 -0.654285 0.654285 0.37924 0.654285 0.654285 -0.37924 0.654285 0.854873 -0.379231 0.354084 0.925303 -0.379228 6.17841e-08 1 0 0 0.92388 6.23467e-08 0.382682 -0.707107 1.15202e-07 0.707107 -0.382682 1.50519e-07 0.92388 -0.354084 0.379232 0.854873 -0.654285 0.37924 0.654285 -0.854873 -0.379232 -0.354084 -0.925303 -0.379228 6.17841e-08 -1 0 -0 -0.92388 -6.23467e-08 -0.382682 0.654285 -0.37924 0.654285 0.707107 1.15202e-07 0.707107 -0.654285 -0.37924 -0.654285 -0.707107 -1.15202e-07 -0.707107 0.354084 -0.379231 0.854873 0.654285 -0.37924 0.654285 0.707107 1.15202e-07 0.707107 0.382682 1.50519e-07 0.92388 -0.354084 -0.379232 -0.854873 -0.654285 -0.37924 -0.654285 -0.707107 -1.15202e-07 -0.707107 -0.382682 -1.50519e-07 -0.92388 0 -0.379228 0.925303 0.354084 -0.379231 0.854873 0.382682 1.50519e-07 0.92388 0 1.62921e-07 1 0.354084 -0.379232 -0.854873 0 -0.379228 -0.925303 0 -1.62921e-07 -1 0.382682 -1.50519e-07 -0.92388 -0.354084 -0.379231 0.854873 -0.382682 1.50519e-07 0.92388 0.654285 -0.37924 -0.654285 0.354084 -0.379232 -0.854873 0.382682 -1.50519e-07 -0.92388 0.707107 -1.15202e-07 -0.707107 -0.654285 -0.37924 0.654285 -0.707107 1.15202e-07 0.707107 0.854873 -0.379232 -0.354084 0.92388 -6.23467e-08 -0.382682 -0.854873 -0.379231 0.354084 -0.654285 -0.37924 0.654285 -0.707107 1.15202e-07 0.707107 -0.92388 6.23467e-08 0.382682 0.925303 -0.379228 6.17841e-08 0.854873 -0.379232 -0.354084 0.92388 -6.23467e-08 -0.382682 1 0 0 -0.925303 -0.379228 6.17841e-08 -0.854873 -0.379231 0.354084 -0.92388 6.23467e-08 0.382682 -1 0 -0 -0.354084 0.379231 -0.854873 -0.654285 0.37924 -0.654285 -0.654285 -0.37924 -0.654285 -0.354084 -0.379232 -0.854873 0.92388 -6.23467e-08 -0.382682 0.707107 -1.15202e-07 -0.707107 0.654285 0.37924 -0.654285 0.854873 0.379231 -0.354084 -0.92388 6.23467e-08 0.382682 -0.707107 1.15202e-07 0.707107 -0.654285 0.37924 0.654285 -0.854873 0.379232 0.354084 1 0 0 0.92388 -6.23467e-08 -0.382682 0.854873 0.379231 -0.354084 0.925303 0.379228 -6.17841e-08 -1 0 -0 -0.925303 0.379228 -6.17841e-08 0.92388 6.23467e-08 0.382682 1 0 0 0.925303 0.379228 -6.17841e-08 0.854873 0.379232 0.354084 -0.92388 -6.23467e-08 -0.382682 -1 0 -0 -0.925303 0.379228 -6.17841e-08 -0.854873 0.379231 -0.354084 0.707107 1.15202e-07 0.707107 0.654285 0.37924 0.654285 -0.707107 -1.15202e-07 -0.707107 -0.654285 0.37924 -0.654285 0.382682 1.50519e-07 0.92388 0.707107 1.15202e-07 0.707107 0.654285 0.37924 0.654285 0.354084 0.379232 0.854873 -0.382682 -1.50519e-07 -0.92388 -0.707107 -1.15202e-07 -0.707107 -0.654285 0.37924 -0.654285 -0.354084 0.379231 -0.854873 0 1.62921e-07 1 0.382682 1.50519e-07 0.92388 0.354084 0.379232 0.854873 0 0.379228 0.925303 0.382682 -1.50519e-07 -0.92388 0 -1.62921e-07 -1 0 0.379228 -0.925303 0.354084 0.379231 -0.854873 0.382682 -1.50519e-07 -0.92388 0.354084 0.379231 -0.854873 0 0.379228 0.925303 0.354084 0.379232 0.854873 0.354084 -0.379231 0.854873 0 -0.379228 0.925303 0.354084 0.379231 -0.854873 0 0.379228 -0.925303 0 -0.379228 -0.925303 0.354084 -0.379232 -0.854873 -0.354084 0.379232 0.854873 -0.354084 -0.379231 0.854873 0.654285 0.37924 -0.654285 0.654285 -0.37924 -0.654285 -0.654285 0.37924 0.654285 -0.654285 -0.37924 0.654285 0.854873 0.379231 -0.354084 0.654285 0.37924 -0.654285 0.654285 -0.37924 -0.654285 0.854873 -0.379232 -0.354084 -0.854873 0.379232 0.354084 -0.854873 -0.379231 0.354084 0.925303 0.379228 -6.17841e-08 0.925303 -0.379228 6.17841e-08 -0.925303 0.379228 -6.17841e-08 -0.854873 0.379232 0.354084 -0.854873 -0.379231 0.354084 -0.925303 -0.379228 6.17841e-08 0.854873 0.379232 0.354084 0.925303 0.379228 -6.17841e-08 0.925303 -0.379228 6.17841e-08 0.854873 -0.379231 0.354084 -0.854873 0.379231 -0.354084 -0.925303 0.379228 -6.17841e-08 -0.925303 -0.379228 6.17841e-08 -0.854873 -0.379232 -0.354084 0.654285 0.37924 0.654285 0.654285 -0.37924 0.654285 -0.654285 0.37924 -0.654285 -0.654285 -0.37924 -0.654285 0.654285 0.37924 0.654285 0.654285 -0.37924 0.654285 0.854873 -0.379231 0.354084 0.925303 -0.379228 6.17841e-08 1 0 0 0.92388 6.23467e-08 0.382682 -0.707107 1.15202e-07 0.707107 -0.382682 1.50519e-07 0.92388 -0.354084 0.379232 0.854873 -0.654285 0.37924 0.654285 -0.854873 -0.379232 -0.354084 -0.925303 -0.379228 6.17841e-08 -1 0 -0 -0.92388 -6.23467e-08 -0.382682 0.654285 -0.37924 0.654285 0.707107 1.15202e-07 0.707107 -0.654285 -0.37924 -0.654285 -0.707107 -1.15202e-07 -0.707107 0.354084 -0.379231 0.854873 0.654285 -0.37924 0.654285 0.707107 1.15202e-07 0.707107 0.382682 1.50519e-07 0.92388 -0.354084 -0.379232 -0.854873 -0.654285 -0.37924 -0.654285 -0.707107 -1.15202e-07 -0.707107 -0.382682 -1.50519e-07 -0.92388 0 -0.379228 0.925303 0.354084 -0.379231 0.854873 0.382682 1.50519e-07 0.92388 0 1.62921e-07 1 0.354084 -0.379232 -0.854873 0 -0.379228 -0.925303 0 -1.62921e-07 -1 0.382682 -1.50519e-07 -0.92388 -0.354084 -0.379231 0.854873 -0.382682 1.50519e-07 0.92388 0.654285 -0.37924 -0.654285 0.354084 -0.379232 -0.854873 0.382682 -1.50519e-07 -0.92388 0.707107 -1.15202e-07 -0.707107 -0.654285 -0.37924 0.654285 -0.707107 1.15202e-07 0.707107 0.854873 -0.379232 -0.354084 0.92388 -6.23467e-08 -0.382682 -0.854873 -0.379231 0.354084 -0.654285 -0.37924 0.654285 -0.707107 1.15202e-07 0.707107 -0.92388 6.23467e-08 0.382682 0.925303 -0.379228 6.17841e-08 0.854873 -0.379232 -0.354084 0.92388 -6.23467e-08 -0.382682 1 0 0 -0.925303 -0.379228 6.17841e-08 -0.854873 -0.379231 0.354084 -0.92388 6.23467e-08 0.382682 -1 0 -0 -0.354084 0.379231 -0.854873 -0.654285 0.37924 -0.654285 -0.626293 0.464234 -0.626293 -0.338942 0.464222 -0.818301 0.92388 -6.23467e-08 -0.382682 0.707107 -1.15202e-07 -0.707107 0.654285 0.37924 -0.654285 0.854873 0.379231 -0.354084 -0.92388 6.23467e-08 0.382682 -0.707107 1.15202e-07 0.707107 -0.654285 0.37924 0.654285 -0.854873 0.379232 0.354084 1 0 0 0.92388 -6.23467e-08 -0.382682 0.854873 0.379231 -0.354084 0.925303 0.379228 -6.17841e-08 -1 0 -0 -0.925303 0.379228 -6.17841e-08 0.92388 6.23467e-08 0.382682 1 0 0 0.925303 0.379228 -6.17841e-08 0.854873 0.379232 0.354084 -0.92388 -6.23467e-08 -0.382682 -1 0 -0 -0.925303 0.379228 -6.17841e-08 -0.854873 0.379231 -0.354084 0.707107 1.15202e-07 0.707107 0.654285 0.37924 0.654285 -0.707107 -1.15202e-07 -0.707107 -0.654285 0.37924 -0.654285 0.382682 1.50519e-07 0.92388 0.707107 1.15202e-07 0.707107 0.654285 0.37924 0.654285 0.354084 0.379232 0.854873 -0.382682 -1.50519e-07 -0.92388 -0.707107 -1.15202e-07 -0.707107 -0.654285 0.37924 -0.654285 -0.354084 0.379231 -0.854873 0 1.62921e-07 1 0.382682 1.50519e-07 0.92388 0.354084 0.379232 0.854873 0 0.379228 0.925303 0.382682 -1.50519e-07 -0.92388 0 -1.62921e-07 -1 0 0.379228 -0.925303 0.354084 0.379231 -0.854873 0.382682 -1.50519e-07 -0.92388 0.354084 0.379231 -0.854873 0 0.379228 0.925303 0.354084 0.379232 0.854873 0.338942 0.464222 0.818301 0 0.464223 0.885719 0.354084 0.379231 -0.854873 0 0.379228 -0.925303 0 0.464222 -0.885719 0.338942 0.464222 -0.818301 -0.354084 0.379232 0.854873 -0.338942 0.464222 0.818301 0.654285 0.37924 -0.654285 0.626293 0.464234 -0.626293 -0.654285 0.37924 0.654285 -0.626293 0.464234 0.626293 0.854873 0.379231 -0.354084 0.654285 0.37924 -0.654285 0.626293 0.464234 -0.626293 0.818301 0.464222 -0.338942 -0.854873 0.379232 0.354084 -0.818301 0.464222 0.338942 0.925303 0.379228 -6.17841e-08 0.885719 0.464222 -7.56314e-08 -0.925303 0.379228 -6.17841e-08 -0.854873 0.379232 0.354084 -0.818301 0.464222 0.338942 -0.885719 0.464222 -7.56314e-08 0.854873 0.379232 0.354084 0.925303 0.379228 -6.17841e-08 0.885719 0.464222 -7.56314e-08 0.818301 0.464222 0.338942 -0.854873 0.379231 -0.354084 -0.925303 0.379228 -6.17841e-08 -0.885719 0.464222 -7.56314e-08 -0.818301 0.464222 -0.338942 0.654285 0.37924 0.654285 0.626293 0.464234 0.626293 -0.654285 0.37924 -0.654285 -0.626293 0.464234 -0.626293 0.654285 0.37924 0.654285 0.626293 0.464234 0.626293 0.885719 0.464222 -7.56314e-08 0.818301 0.464222 -0.338942 0.470303 0.860736 -0.194805 0.509059 0.860731 -1.40231e-07 0.818301 0.464222 0.338942 0.885719 0.464222 -7.56314e-08 0.509059 0.860731 -1.40231e-07 0.470303 0.860736 0.194805 0.626293 0.464234 0.626293 0.359947 0.860742 0.359947 -0.885719 0.464222 -7.56314e-08 -0.818301 0.464222 0.338942 -0.470303 0.860736 0.194805 -0.509059 0.860731 -1.40231e-07 0.338942 0.464222 0.818301 0.194805 0.860736 0.470302 -0.818301 0.464222 -0.338942 -0.885719 0.464222 -7.56314e-08 -0.509059 0.860731 -1.40231e-07 -0.470303 0.860736 -0.194805 0 0.464223 0.885719 0 0.860731 0.509059 -0.626293 0.464234 -0.626293 -0.359947 0.860742 -0.359947 -0.338942 0.464222 0.818301 -0.194805 0.860736 0.470302 -0.626293 0.464234 0.626293 -0.359947 0.860742 0.359947 0.338942 0.464222 -0.818301 0 0.464222 -0.885719 0 0.860731 -0.509059 0.194805 0.860736 -0.470303 0.626293 0.464234 -0.626293 0.359947 0.860742 -0.359947 -0.338942 0.464222 -0.818301 -0.194805 0.860736 -0.470303 0.798426 0.602093 -9.80934e-08 0.737658 0.60209 0.305531 -0.564577 0.602085 -0.564577 -0.305531 0.60209 -0.737658 0.737658 0.60209 -0.305531 0.798426 0.602093 -9.80934e-08 -0.737658 0.60209 0.305531 -0.798426 0.602093 -9.80934e-08 0.564577 0.602085 0.564577 -0.798426 0.602093 -9.80934e-08 -0.737658 0.60209 -0.305531 0.305531 0.60209 0.737657 0 0.602093 0.798426 0.564577 0.602085 -0.564577 -0.305531 0.60209 0.737657 0 0.602093 -0.798426 -0.564577 0.602085 0.564577 0.305531 0.60209 -0.737658 0 0.602093 -0.798426 -0.305531 0.60209 -0.737658 -0.360676 -0.179575 -0.915241 0 -0.172584 -0.984995 -0.564577 0.602085 0.564577 -0.305531 0.60209 0.737657 -0.360676 -0.179575 0.915241 -0.694544 -0.187659 0.694544 0.305531 0.60209 -0.737658 0.360676 -0.179575 -0.915241 -0.737658 0.60209 0.305531 -0.915241 -0.179575 0.360676 0.564577 0.602085 -0.564577 0.694544 -0.18766 -0.694544 0.737658 0.60209 0.305531 0.798426 0.602093 -9.80934e-08 0.984995 -0.172584 2.81175e-08 0.915241 -0.179575 0.360676 -0.564577 0.602085 -0.564577 -0.694544 -0.18766 -0.694544 0.798426 0.602093 -9.80934e-08 0.737658 0.60209 -0.305531 0.915241 -0.179575 -0.360676 0.984995 -0.172584 2.81175e-08 -0.798426 0.602093 -9.80934e-08 -0.737658 0.60209 0.305531 -0.915241 -0.179575 0.360676 -0.984995 -0.172584 2.81175e-08 0.564577 0.602085 0.564577 0.694544 -0.187659 0.694544 -0.737658 0.60209 -0.305531 -0.798426 0.602093 -9.80934e-08 -0.984995 -0.172584 2.81175e-08 -0.915241 -0.179575 -0.360676 0.305531 0.60209 0.737657 0.564577 0.602085 0.564577 0.694544 -0.187659 0.694544 0.360676 -0.179575 0.915241 -0.564577 0.602085 -0.564577 -0.694544 -0.18766 -0.694544 0 0.602093 0.798426 0 -0.172584 0.984995 0.564577 0.602085 -0.564577 0.694544 -0.18766 -0.694544 0.616675 -0.489348 -0.616644 0.314349 -0.502257 -0.805558 0.340285 -0.340285 -0.876592 0.673737 -0.303573 -0.673737 0 -0.507599 -0.861593 0 -0.360954 -0.932584 -0.314349 -0.502257 -0.805558 -0.340258 -0.340288 -0.876601 -0.616663 -0.489339 -0.616663 -0.673737 -0.303573 -0.673737 0.360944 -1.51938e-07 -0.932588 0.707107 -1.15202e-07 -0.707107 0 -1.62921e-07 -1 -0.360944 -1.51938e-07 -0.932588 -0.707107 -1.15202e-07 -0.707107 0.340285 0.340284 -0.876592 0.673737 0.303572 -0.673737 0 0.360954 -0.932584 -0.340285 0.340284 -0.876592 -0.673737 0.303572 -0.673737 0.303572 0.673737 -0.673737 0.57736 0.57733 -0.577361 0 0.707107 -0.707107 -0.303572 0.673737 -0.673737 -0.57736 0.57733 -0.577361 -0.616663 -0.489339 -0.616663 -0.80557 -0.502234 -0.314354 -0.876592 -0.340285 -0.340285 -0.673737 -0.303573 -0.673737 -0.861593 -0.507599 8.26983e-08 -0.932588 -0.360944 5.88052e-08 -0.861593 -0.507599 8.26983e-08 -0.80557 -0.502234 0.314354 -0.876592 -0.340285 0.340285 -0.932588 -0.360944 5.88052e-08 -0.616675 -0.489348 0.616645 -0.673737 -0.303572 0.673737 -0.932584 -5.88069e-08 -0.360954 -0.707107 -1.15202e-07 -0.707107 -1 0 -0 -0.932584 5.88069e-08 0.360954 -1 0 -0 -0.707107 1.15202e-07 0.707107 -0.876592 0.340285 -0.340285 -0.673737 0.303572 -0.673737 -0.932588 0.360944 -5.88052e-08 -0.876592 0.340285 0.340285 -0.932588 0.360944 -5.88052e-08 -0.673737 0.303573 0.673737 -0.673737 0.673737 -0.303573 -0.57736 0.57733 -0.577361 -0.707107 0.707107 -1.15202e-07 -0.673737 0.673737 0.303572 -0.707107 0.707107 -1.15202e-07 -0.876592 0.340285 0.340285 -0.673737 0.303573 0.673737 -0.577371 0.57734 0.57734 -0.673737 0.673737 0.303572 -0.616675 -0.489348 0.616645 -0.314349 -0.502256 0.805558 -0.340285 -0.340284 0.876592 -0.673737 -0.303572 0.673737 0 -0.507599 0.861594 0 -0.360954 0.932584 0.314349 -0.502256 0.805558 0.340258 -0.340288 0.876601 0.616675 -0.489348 0.616645 0.673737 -0.303572 0.673737 -0.360944 1.51938e-07 0.932588 -0.707107 1.15202e-07 0.707107 0 1.62921e-07 1 0.360944 1.51938e-07 0.932588 0.707107 1.15202e-07 0.707107 -0.340285 0.340285 0.876592 0 0.360954 0.932584 0.340285 0.340285 0.876592 0.673737 0.303573 0.673737 -0.303572 0.673737 0.673737 0 0.707107 0.707107 0.303572 0.673737 0.673737 0.577371 0.57734 0.57734 0.616675 -0.489348 0.616645 0.80557 -0.502234 0.314354 0.876592 -0.340285 0.340285 0.673737 -0.303572 0.673737 0.861593 -0.507599 8.26983e-08 0.932588 -0.360944 5.88052e-08 0.861593 -0.507599 8.26983e-08 0.80557 -0.502234 -0.314354 0.876592 -0.340285 -0.340285 0.932588 -0.360944 5.88052e-08 0.616675 -0.489348 -0.616644 0.673737 -0.303573 -0.673737 0.932584 5.88069e-08 0.360954 0.707107 1.15202e-07 0.707107 1 0 0 0.932584 -5.88069e-08 -0.360954 1 0 0 0.707107 -1.15202e-07 -0.707107 0.876592 0.340285 0.340285 0.673737 0.303573 0.673737 0.932588 0.360944 -5.88052e-08 0.876592 0.340285 -0.340285 0.932588 0.360944 -5.88052e-08 0.673737 0.303572 -0.673737 0.673737 0.673737 0.303572 0.577371 0.57734 0.57734 0.707107 0.707107 -1.15202e-07 0.673737 0.673737 -0.303573 0.707107 0.707107 -1.15202e-07 0.57736 0.57733 -0.577361 -0.694544 -0.187659 0.694544 0.57736 0.57733 -0.577361 0.303572 0.673737 -0.673737 0.340288 0.876601 -0.340258 0.673737 0.673737 -0.303573 0 0.707107 -0.707107 0 0.932588 -0.360944 -0.303572 0.673737 -0.673737 -0.340288 0.876601 -0.340258 -0.57736 0.57733 -0.577361 -0.673737 0.673737 -0.303573 0.360954 0.932584 -1.51937e-07 0.707107 0.707107 -1.15202e-07 0 1 -1.62921e-07 -0.360954 0.932584 -1.51937e-07 -0.707107 0.707107 -1.15202e-07 0.707107 0.707107 -1.15202e-07 0.360954 0.932584 -1.51937e-07 0.340288 0.876601 0.340257 0.673737 0.673737 0.303572 0 1 -1.62921e-07 0 0.932588 0.360943 -0.360954 0.932584 -1.51937e-07 -0.340288 0.876601 0.340257 -0.707107 0.707107 -1.15202e-07 -0.673737 0.673737 0.303572 0.303572 0.673737 0.673737 0.577371 0.57734 0.57734 0 0.707107 0.707107 -0.303572 0.673737 0.673737 -0.577371 0.57734 0.57734 -0.654285 0.37924 0.654285 -0.354084 0.379232 0.854873 -0.354084 -0.379231 0.854873 -0.654285 -0.37924 0.654285 0.654285 0.37924 0.654285 0.854873 0.379232 0.354084 0.854873 -0.379231 0.354084 0.654285 -0.37924 0.654285 0.654285 0.37924 -0.654285 0.354084 0.379231 -0.854873 0.354084 -0.379232 -0.854873 0.654285 -0.37924 -0.654285 0 0.379228 -0.925303 -0.354084 0.379231 -0.854873 -0.354084 -0.379232 -0.854873 0 -0.379228 -0.925303 -0.854873 0.379231 -0.354084 -0.925303 0.379228 -6.17841e-08 -0.925303 -0.379228 6.17841e-08 -0.854873 -0.379232 -0.354084 0 0.379228 0.925303 0 -0.379228 0.925303 0.925303 0.379228 -6.17841e-08 0.925303 -0.379228 6.17841e-08 -0.925303 0.379228 -6.17841e-08 -0.854873 0.379232 0.354084 -0.854873 -0.379231 0.354084 -0.925303 -0.379228 6.17841e-08 0.354084 0.379232 0.854873 0.354084 -0.379231 0.854873 0.925303 0.379228 -6.17841e-08 0.854873 0.379231 -0.354084 0.854873 -0.379232 -0.354084 0.925303 -0.379228 6.17841e-08 -0.654285 0.37924 -0.654285 -0.654285 -0.37924 -0.654285 -0.854873 0.379232 0.354084 -0.854873 -0.379231 0.354084 0.654285 0.37924 0.654285 0.654285 -0.37924 0.654285 0.654285 0.37924 -0.654285 0.654285 -0.37924 -0.654285 -0.654285 0.37924 -0.654285 -0.654285 -0.37924 -0.654285 0 -1.62921e-07 -1 0 -0.379228 -0.925303 -0.354084 -0.379232 -0.854873 -0.382682 -1.50519e-07 -0.92388 -0.654285 -0.37924 -0.654285 -0.707107 -1.15202e-07 -0.707107 -0.707107 -1.15202e-07 -0.707107 -0.654285 -0.37924 -0.654285 -0.854873 -0.379232 -0.354084 -0.92388 -6.23467e-08 -0.382682 -0.925303 -0.379228 6.17841e-08 -1 0 -0 -1 0 -0 -0.925303 -0.379228 6.17841e-08 -0.854873 -0.379231 0.354084 -0.92388 6.23467e-08 0.382682 -0.92388 6.23467e-08 0.382682 -0.854873 -0.379231 0.354084 -0.654285 -0.37924 0.654285 -0.707107 1.15202e-07 0.707107 -0.707107 1.15202e-07 0.707107 -0.654285 -0.37924 0.654285 -0.354084 -0.379231 0.854873 -0.382682 1.50519e-07 0.92388 0 -0.379228 0.925303 0 1.62921e-07 1 0.354084 -0.379231 0.854873 0.382682 1.50519e-07 0.92388 0.382682 1.50519e-07 0.92388 0.354084 -0.379231 0.854873 0.654285 -0.37924 0.654285 0.707107 1.15202e-07 0.707107 0.707107 1.15202e-07 0.707107 0.654285 -0.37924 0.654285 0.854873 -0.379231 0.354084 0.92388 6.23467e-08 0.382682 0.925303 -0.379228 6.17841e-08 1 0 0 1 0 0 0.925303 -0.379228 6.17841e-08 0.854873 -0.379232 -0.354084 0.92388 -6.23467e-08 -0.382682 0.92388 -6.23467e-08 -0.382682 0.854873 -0.379232 -0.354084 0.654285 -0.37924 -0.654285 0.707107 -1.15202e-07 -0.707107 0.354084 -0.379232 -0.854873 0.382682 -1.50519e-07 -0.92388 0.382682 -1.50519e-07 -0.92388 0.354084 -0.379232 -0.854873 </float_array>
          <technique_common>
            <accessor count="1142" offset="0" source="#meshId0-normals-array" stride="3">
              <param name="X" type="float" />
              <param name="Y" type="float" />
              <param name="Z" type="float" />
            </accessor>
          </technique_common>
        </source>
        <source id="meshId0-tangents" name="meshId0-tangents">
          <float_array id="meshId0-tangents-array" count="3426"> -0.389879 -0.0280284 -0.920439 -0.0375606 -0.132232 -0.990507 -0.148064 -0.129084 -0.980517 -0.311831 0.0650858 -0.947906 0.426009 0.575916 0.697737 0.533 0.657132 0.533 0.470732 0.746205 0.470732 0.320044 0.633559 0.704397 -0.798554 0.395549 0.45371 -0.697737 0.575916 0.42601 -0.704396 0.633559 0.320045 -0.832413 0.413511 0.368913 -0.111937 -0.0975882 0.988912 -0.0149367 -0.0525845 0.998505 -0.390451 -0.0303121 0.920125 -0.395436 -0.0120927 0.918414 0.697738 0.575915 0.426009 0.704397 0.633559 0.320044 -0.533 0.657132 0.533 -0.470732 0.746205 0.470732 -0.708677 -0.00793746 0.705488 -0.643201 0.0733425 0.762177 -0.694049 -0.058496 0.717548 -0.381852 -0.0031716 0.924218 -0.381774 -0.00316668 0.92425 -0.692271 -0.0618013 0.718986 -0.999998 0.00130735 0.00149957 -0.999995 0.00309133 0.000878093 -0.924805 0.00888984 -0.380337 -0.925513 0.00375736 -0.378697 0.798554 0.395549 0.453709 0.832414 0.413511 0.368913 -0.780026 -0.100069 0.617694 -0.717548 -0.0584964 0.694049 -0.924218 -0.00317141 0.381852 -0.924466 -0.00134191 0.381262 -0.426009 0.575916 0.697737 -0.320044 0.633559 0.704397 -0.718356 0.0637407 -0.69275 -0.781432 0.102254 -0.615555 -0.708875 -0.00895714 -0.705277 -0.398586 -0.0637992 -0.914909 -0.486408 -0.102278 -0.867725 -0.710165 -0.00378518 -0.704025 -0.924218 -0.00317124 -0.381852 -0.924466 -0.0013421 -0.381262 -0.45371 0.395549 0.798554 -0.368913 0.413511 0.832413 -0.999995 0.00309174 -0.000878211 -0.999998 0.00130754 -0.0014998 -0.925513 0.00375766 0.378697 -0.924805 0.00889006 0.380337 0.62159 0.0960671 0.77743 0.69636 0.0489445 0.716022 0.384817 -0.00817064 0.922957 0.386353 -0.00346595 0.922344 -0.718355 0.0637411 0.69275 -0.781432 0.102255 0.615555 -0.453709 0.395549 -0.798554 -0.426009 0.575915 -0.697737 -0.320044 0.633559 -0.704397 -0.368913 0.413511 -0.832414 -0.617694 -0.100069 0.780026 -0.381262 -0.00134188 0.924466 -0.111746 0.0974216 0.98895 -0.0148173 0.0521645 0.998529 0.0185372 -0.0652599 0.997696 0.11804 -0.102909 0.987662 -0.533 0.657132 -0.533 -0.470732 0.746205 -0.470732 -0.250648 0.746192 -0.616744 0.258838 0.746192 0.613352 0.00425357 0.746194 0.665715 0.00424931 0.746194 -0.665715 -0.467466 0.746197 -0.473989 0.473985 0.746197 0.467469 0.599521 -0.745622 0.2909 -0.629623 -0.745622 -0.218226 -0.499393 -0.745575 -0.441276 0.441598 -0.745588 0.499088 0.665241 -0.745662 0.0379804 -0.66525 -0.745673 0.0376024 -0.581586 0.743684 0.329685 0.644977 0.743571 -0.176372 0.663477 0.743685 0.0820424 -0.663376 0.743572 0.0838582 -0.462921 0.74616 0.478486 0.478492 0.74616 -0.462915 0.619773 0.746142 -0.243216 -0.610223 0.746141 0.266274 -0.246261 0.746168 0.618537 0.26321 0.746168 -0.611518 0.00879459 0.746172 0.665695 0.00881512 0.746172 -0.665695 0.238576 0.746086 0.621641 -0.270857 0.746085 -0.608271 -0.015193 0.746114 -0.665644 -0.0151321 0.746115 0.665645 0.456618 0.746059 0.484662 -0.484589 0.74606 -0.456692 0.616743 0.746192 0.250649 -0.613352 0.746192 -0.258837 -0.467471 0.746197 -0.473984 0.473988 0.746197 0.467467 0.665715 0.746194 -0.004251 -0.665715 0.746194 -0.00425585 0.621641 0.746086 -0.238576 -0.608271 0.746085 0.270857 -0.665644 0.746115 0.0151929 0.665645 0.746115 0.015132 0.484662 0.746058 -0.456618 -0.456692 0.74606 0.484589 0.238576 0.746086 -0.621641 -0.270857 0.746085 0.60827 -0.484589 0.74606 0.456692 0.456618 0.746059 -0.484662 -0.0151321 0.746115 -0.665645 -0.015193 0.746115 0.665644 0.453709 0.395549 0.798554 0.368913 0.413511 0.832413 0.42601 0.575915 -0.697737 0.45371 0.39555 -0.798554 0.368913 0.413511 -0.832413 0.320045 0.633559 -0.704397 0.533 0.657132 -0.533 0.470732 0.746205 -0.470732 0.697738 0.575915 -0.426009 0.704397 0.633558 -0.320044 0.798554 0.395549 -0.45371 0.832413 0.413511 -0.368913 -0.991346 0.097957 -0.0873921 -0.949333 -0.0979441 -0.298619 -0.837389 -0.303275 -0.454757 -0.705191 -0.526685 -0.474667 -0.637857 -0.714968 -0.286286 -0.698853 -0.714975 0.0203786 -0.833165 -0.526672 0.168679 -0.947681 -0.303261 0.0996707 -0.991346 -0.097957 -0.0873921 -0.949333 0.0979443 -0.298619 -0.837389 0.303275 -0.454757 -0.705191 0.526684 -0.474668 -0.637857 0.714968 -0.286286 -0.698853 0.714975 0.0203779 -0.833165 0.526672 0.168679 -0.947681 0.303261 0.0996707 -0.697737 0.575915 -0.426009 -0.798554 0.395549 -0.45371 -0.832414 0.413511 -0.368913 -0.704397 0.633559 -0.320044 -0.92425 -0.00316739 0.381774 -0.718986 -0.061801 0.692271 -0.72402 0.064248 0.68678 -0.923457 -0.0027057 0.383691 -0.709012 -0.00895792 -0.70514 -0.400678 -0.0671091 -0.913758 -0.999995 0.00309115 0.000944855 0.384965 -0.00817472 0.922895 0.020957 -0.0685619 0.997427 -0.999995 0.00309158 -0.000944988 -0.92425 -0.00316675 -0.381774 -0.39107 -0.0304318 0.919858 -0.708147 -0.00485299 0.706049 -0.924885 0.0088866 -0.380144 -0.719858 0.0670462 -0.690876 -0.719858 0.0670463 0.690876 -0.924884 0.00888631 0.380144 -0.389601 -0.0250068 -0.920644 -0.0415062 -0.13579 -0.989868 -0.0169557 0.0554717 0.998316 0.694757 0.0522515 0.717344 -0.0170844 -0.0558923 0.998291 -0.922667 0.00757116 0.385522 -0.999996 0.00263306 0.00107914 -0.999996 0.00263241 -0.00107887 -0.922667 0.00757143 -0.385523 -0.923457 -0.00270585 -0.383691 -0.722956 -0.0597844 -0.688303 -0.704874 -0.00762265 -0.709292 0.683961 -0.0723868 0.725918 0.380018 -0.0069715 0.924953 -0.40449 0.0597397 -0.912589 0.0239536 0.0584463 0.998003 -0.327881 -0.134031 -0.935163 -0.00169309 0.00413103 -0.99999 -0.0285395 -0.0696353 0.997164 -0.383691 -0.00270566 0.923457 -0.0284003 0.0692959 0.997192 -0.373222 -0.0245895 0.927416 -0.686781 0.0642461 0.72402 -0.667193 -0.117851 0.735503 -0.722956 -0.0597852 0.688303 0.402622 0.915329 0.00827591 0.37581 0.916964 0.133954 0 0.985786 0.168009 0.0709537 0.982661 -0.171299 -0.338092 0.878287 -0.338092 -0.168404 0.983247 -0.0697548 0.0106446 0.915669 -0.401792 -0.0403694 0.846424 -0.530978 0.393199 -0.918797 0.0347425 0.374265 -0.913194 0.161254 0 -0.979516 0.201367 0.0574831 -0.988654 -0.138777 0.532271 0.845522 -0.0421856 0.339731 0.87702 -0.339732 0.517509 -0.855402 -0.0216966 0.320988 -0.891029 -0.320988 -0.271351 -0.916431 -0.294147 -0.167924 -0.916429 -0.363261 0.12242 -0.984899 -0.12242 -0.159951 -0.984899 0.0662538 -0.0105851 0.91566 -0.401813 0.0404144 0.846401 -0.53101 0.338132 0.878256 -0.338132 0.168476 0.983232 -0.0697849 0.140266 -0.916156 -0.375479 0.23719 -0.847791 -0.474332 0.438468 -0.880205 -0.181618 0.177691 -0.984086 1.60841e-07 -0.237188 0.847792 -0.474332 -0.140265 0.916156 -0.375479 -0.177689 0.984087 -1.60842e-07 -0.438467 0.880205 -0.181618 0.0105856 -0.915661 -0.401813 -0.168476 -0.983232 -0.0697843 -0.268162 -0.925298 0.268165 -0.390349 -0.890592 0.233397 -0.306419 -0.943397 -0.126922 1.47619e-06 -1 1.66601e-06 -0.0404138 -0.846402 -0.531009 -0.338132 -0.878256 -0.338132 -0.233395 -0.890591 0.390351 0.126923 -0.943396 0.306422 0.294148 -0.916431 -0.271349 0.363262 -0.916429 -0.167923 0.12242 -0.984899 0.12242 -0.066253 -0.984899 -0.15995 0.374977 0.91493 0.149318 0.47535 0.845976 0.241591 0.18342 0.87765 0.442819 0 0.981594 0.190977 -0.377664 0.921487 -0.0907246 -0.463086 0.865464 -0.19111 -0.162324 0.90558 -0.391886 0 0.993244 -0.116048 0.126922 0.943397 0.306419 -5.00946e-08 1 -2.1968e-07 -0.268163 0.925298 0.268163 -0.233396 0.890592 0.390349 1.34988e-08 1 -4.71922e-08 0.234523 0.943397 0.234523 0.449952 0.890591 -0.0662568 0.350363 0.925302 -0.14513 0 -0.984089 0.177677 0.179764 -0.8828 0.433992 0.473279 -0.849628 0.232679 0.375552 -0.916335 0.138894 0 0.943397 -0.331665 0.365004 0.890596 -0.271315 -0.0685487 0.983826 0.165492 0 0.984732 -0.17408 -0.375552 0.916334 -0.138901 -0.400956 0.916005 -0.0130241 -7.28451e-07 1 1.46943e-06 0 0.943397 0.331665 0.365003 0.890596 0.271315 0.350362 0.925302 0.145131 -0.336436 0.879558 0.336436 -0.529672 0.847326 0.0385407 0.234523 0.943397 -0.234523 0.449953 0.890591 0.0662559 -0.159951 0.984899 0.0662535 0.12242 0.984899 -0.12242 -0.167924 0.916429 -0.363262 -0.271351 0.916431 -0.294148 -0.168404 0.983247 0.0697546 -0.338092 0.878287 0.338092 -0.0403706 0.846423 0.530978 0.0106441 0.915669 0.401792 0.177768 0.984073 -1.60841e-07 0.438521 0.880174 -0.181641 0.237243 0.847769 -0.474345 0.140327 0.916147 -0.375476 0.438521 0.880174 0.18164 0.177767 0.984073 -1.60841e-07 0.140327 0.916148 0.375476 0.237242 0.84777 0.474345 -0.30642 0.943397 -0.126923 -0.39035 0.890592 0.233396 -0.338092 0.878287 -0.338092 -0.168406 0.983247 -0.0697556 0.0106429 0.915669 -0.401793 -0.04037 0.846423 -0.530978 0.141903 0.925296 0.351696 0.2656 0.925292 0.270722 -0.270721 0.925292 -0.265602 -0.148335 0.925296 -0.349032 0.126923 0.943397 0.306421 1.92697e-07 1 4.62344e-08 -0.268163 0.925298 0.268163 -0.233396 0.890592 0.39035 -7.78558e-07 1 -1.8934e-06 0.234522 0.943398 0.234522 0.449952 0.890591 -0.0662571 0.350362 0.925302 -0.145131 0 0.984089 -0.177677 -0.179764 0.8828 -0.433992 -0.473279 0.849628 -0.232678 -0.375552 0.916335 -0.138894 0 0.943397 -0.331665 0.365003 0.890596 -0.271315 -0.0685482 0.983826 0.165491 0 0.984731 -0.17408 -0.375552 0.916333 -0.138902 -0.400955 0.916005 -0.0130251 -7.99752e-07 1 1.5571e-06 0 0.943398 0.331664 0.365003 0.890596 0.271314 0.350362 0.925302 0.14513 -0.336435 0.879558 0.336435 -0.529672 0.847327 0.03854 0.234522 0.943397 -0.234522 0.449952 0.890591 0.0662563 0.159951 -0.984899 -0.0662533 -0.122419 -0.9849 0.122419 0.167925 -0.91643 0.36326 0.271351 -0.916431 0.294147 -0.168404 0.983247 0.0697545 -0.338091 0.878288 0.338091 -0.0403683 0.846424 0.530977 0.0106448 0.915669 0.401792 0.177765 0.984073 -1.60841e-07 0.438519 0.880175 -0.18164 0.237241 0.84777 -0.474345 0.140325 0.916148 -0.375476 0.438521 0.880174 0.18164 0.177767 0.984073 -1.6084e-07 0.140327 0.916148 0.375476 0.237242 0.84777 0.474345 -0.30642 0.943397 -0.126923 -0.39035 0.890592 0.233396 4.4871e-05 0.925303 -0.379228 -0.14507 0.925302 -0.350388 0.14517 0.925302 0.350346 4.53337e-05 0.925303 0.379228 -0.148965 0.925294 0.34877 -0.00347739 0.925298 0.379226 -0.00347719 0.925298 -0.379226 0.141272 0.925294 -0.351957 0.145161 0.925302 -0.35035 -0.145079 0.925302 0.350383 -0.271492 0.925288 0.264828 0.264826 0.925288 -0.271494 0.268201 0.925298 -0.268125 -0.268125 0.925298 0.268201 -0.344939 0.92521 0.158126 -0.256864 0.925181 0.279394 0.279421 0.92518 -0.256836 0.355722 0.92521 -0.132092 0.350389 0.925302 -0.145065 -0.350343 0.925302 0.145176 -0.3792 0.925234 0.0122393 0.3792 0.925234 0.0122168 0.0480734 0.117298 0.991933 0.374488 -0.0213355 0.926986 0.335169 0.11729 0.934829 0.00874631 -0.0213406 0.999734 -0.348997 0.925296 -0.148422 -0.379226 0.925298 -0.00343173 0.379226 0.925298 -0.00342999 0.351732 0.925296 0.141817 -0.362328 -0.924836 -0.115742 -0.379053 -0.924875 0.0304127 0.379051 -0.924871 0.0305532 0.338048 -0.924836 0.174362 -0.265532 0.925292 -0.27079 0.270791 0.925292 0.265531 -0.291386 -0.924793 -0.244647 0.244765 -0.924798 0.291271 -0.26812 0.925298 -0.268206 0.268205 0.925298 0.268121 0.402622 0.915329 0.00827647 0.37581 0.916964 0.133954 0 0.985786 0.168008 0.0709536 0.982661 -0.171298 -0.338091 0.878287 -0.338091 -0.168405 0.983247 -0.0697554 0.0106433 0.915669 -0.401793 -0.0403693 0.846424 -0.530978 0.393198 -0.918797 0.0347448 0.374265 -0.913194 0.161255 0 -0.979516 0.201366 0.0574821 -0.988654 -0.138775 0.53227 0.845523 -0.0421836 0.33973 0.877022 -0.33973 0.517509 -0.855403 -0.0216954 0.320987 -0.89103 -0.320987 0.271351 0.916431 0.294147 0.167924 0.916429 0.363261 -0.12242 0.984899 0.12242 0.159951 0.984899 -0.0662537 0.0105851 -0.915661 0.401813 -0.040415 -0.846401 0.53101 -0.338133 -0.878255 0.338133 -0.168477 -0.983232 0.069785 -0.140265 0.916156 0.375479 -0.237188 0.847792 0.474332 -0.438467 0.880206 0.181618 -0.177689 0.984087 -1.60841e-07 0.237187 -0.847792 0.474332 0.140264 -0.916156 0.375479 0.177689 -0.984087 1.60842e-07 0.438466 -0.880206 0.181618 -0.0105855 0.915661 0.401813 0.168476 0.983232 0.0697844 -0.268163 -0.925298 0.268163 -0.390349 -0.890592 0.233396 -0.30642 -0.943397 -0.126922 1.41643e-07 -1 3.56517e-07 0.0404141 0.846402 0.531009 0.338132 0.878256 0.338132 -0.233395 -0.890591 0.390351 0.126923 -0.943397 0.306421 0.294148 -0.916432 -0.271349 0.363262 -0.916429 -0.167923 0.12242 -0.984899 0.12242 -0.066253 -0.984899 -0.159949 0.374977 0.91493 0.149318 0.47535 0.845976 0.241591 0.18342 0.87765 0.442818 0 0.981595 0.190977 0.377664 -0.921487 0.0907265 0.463086 -0.865464 0.19111 0.162324 -0.90558 0.391886 0 -0.993243 0.116049 0.141903 0.925296 0.351696 0.2656 0.925292 0.270722 -0.270721 0.925292 -0.265602 -0.148335 0.925296 -0.349032 0.126923 0.943396 0.306421 3.23743e-07 1 1.97515e-07 -0.268163 0.925299 0.268163 -0.233395 0.890592 0.39035 -6.82204e-07 1 -1.81632e-06 0.234523 0.943397 0.234523 0.449953 0.890591 -0.0662559 0.350362 0.925302 -0.145131 0 0.984089 -0.177676 -0.179764 0.8828 -0.433991 -0.473279 0.849628 -0.232678 -0.375552 0.916335 -0.138893 0 0.943397 -0.331665 0.365003 0.890596 -0.271315 -0.068548 0.983826 0.16549 0 0.984731 -0.17408 -0.375552 0.916334 -0.138901 -0.400955 0.916005 -0.0130254 -7.74698e-07 1 1.59276e-06 0 0.943397 0.331664 0.365003 0.890596 0.271315 0.350362 0.925302 0.14513 -0.336436 0.879558 0.336436 -0.529672 0.847326 0.0385403 0.234522 0.943397 -0.234522 0.449953 0.890591 0.0662562 -0.159949 0.984899 0.0662526 0.12242 0.984899 -0.12242 -0.167924 0.916429 -0.363261 -0.27135 0.916431 -0.294148 -0.168404 0.983247 0.0697546 -0.338092 0.878287 0.338091 -0.0403695 0.846424 0.530978 0.0106444 0.915669 0.401792 0.177767 0.984073 -1.60841e-07 0.438521 0.880174 -0.181641 0.237243 0.847769 -0.474345 0.140328 0.916147 -0.375476 0.438521 0.880174 0.18164 0.177767 0.984073 -1.60841e-07 0.140327 0.916148 0.375476 0.237243 0.847769 0.474345 -0.30642 0.943397 -0.126923 -0.39035 0.890592 0.233396 4.48709e-05 0.925303 -0.379228 -0.145071 0.925302 -0.350387 0.145169 0.925302 0.350346 4.4838e-05 0.925303 0.379228 -0.148966 0.925294 0.34877 -0.0034776 0.925298 0.379226 -0.00347745 0.925297 -0.379226 0.141272 0.925294 -0.351957 0.14516 0.925302 -0.35035 -0.145079 0.925302 0.350383 -0.271492 0.925288 0.264828 0.264826 0.925288 -0.271495 0.2682 0.925298 -0.268126 -0.268126 0.925298 0.2682 -0.344938 0.92521 0.158128 -0.256862 0.925181 0.279396 0.279423 0.92518 -0.256835 0.355723 0.92521 -0.13209 0.350389 0.925302 -0.145065 -0.350344 0.925302 0.145175 -0.3792 0.925234 0.0122393 0.3792 0.925234 0.0122176 0.0480729 0.117296 0.991933 0.374487 -0.0213369 0.926987 0.33517 0.117289 0.934828 0.00874688 -0.021342 0.999734 -0.348997 0.925296 -0.148421 -0.379226 0.925298 -0.00343179 0.379226 0.925298 -0.00342998 0.351732 0.925296 0.141817 -0.362328 -0.924836 -0.115742 -0.379053 -0.924875 0.0304122 0.379051 -0.924871 0.0305523 0.338048 -0.924836 0.174362 -0.265534 0.925292 -0.270789 0.27079 0.925292 0.265532 -0.291386 -0.924793 -0.244647 0.244765 -0.924798 0.291271 -0.26812 0.925298 -0.268206 0.268206 0.925298 0.268119 0.402622 0.915329 0.00827619 0.37581 0.916964 0.133954 0 0.985786 0.168008 0.0709539 0.982661 -0.171299 -0.338092 0.878287 -0.338092 -0.168404 0.983247 -0.0697549 0.0106442 0.915669 -0.401793 -0.0403695 0.846424 -0.530978 0.393199 -0.918797 0.0347419 0.374265 -0.913194 0.161254 0 -0.979516 0.201367 0.0574834 -0.988654 -0.138778 0.532271 0.845523 -0.0421847 0.339731 0.877021 -0.339731 0.51751 -0.855402 -0.021697 0.320989 -0.891029 -0.320989 -0.271351 -0.916431 -0.294147 -0.167924 -0.916429 -0.363261 0.12242 -0.984899 -0.12242 -0.159952 -0.984899 0.0662541 -0.0105847 0.91566 -0.401813 0.0404156 0.846401 -0.531011 0.338134 0.878255 -0.338134 0.168477 0.983232 -0.0697853 -0.140265 0.916156 0.375479 -0.237189 0.847792 0.474332 -0.438468 0.880205 0.181618 -0.177689 0.984087 -1.60842e-07 -0.237188 0.847792 -0.474332 -0.140264 0.916156 -0.375479 -0.177689 0.984087 -1.60842e-07 -0.438467 0.880205 -0.181618 -0.0105847 0.915661 0.401813 0.168477 0.983232 0.069785 -0.268163 -0.925298 0.268163 -0.39035 -0.890591 0.233396 -0.30642 -0.943397 -0.126923 -1.93681e-07 -1 2.11933e-08 0.0404147 0.846401 0.53101 0.338133 0.878255 0.338133 -0.233395 -0.890591 0.390351 0.126923 -0.943396 0.306421 0.294147 -0.916431 -0.271351 0.363261 -0.916429 -0.167924 0.12242 -0.984899 0.12242 -0.0662537 -0.984899 -0.159951 -0.374977 -0.91493 -0.14932 -0.475351 -0.845975 -0.241593 -0.183421 -0.877648 -0.442821 0 -0.981594 -0.19098 -0.377664 0.921487 -0.0907286 -0.463087 0.865463 -0.191113 -0.162325 0.905579 -0.391889 0 0.993243 -0.116052 0.141904 0.925296 0.351696 0.265602 0.925292 0.270721 -0.270719 0.925292 -0.265603 -0.148334 0.925296 -0.349033 0.126923 0.943397 0.30642 2.40952e-08 1 -1.62837e-07 -0.268163 0.925299 0.268163 -0.233396 0.890592 0.39035 -7.59283e-07 1 -2.03696e-06 0.234523 0.943397 0.234523 0.449953 0.890591 -0.066256 0.350362 0.925302 -0.145131 0 -0.984089 0.177677 0.179764 -0.8828 0.433992 0.473279 -0.849628 0.232679 0.375552 -0.916335 0.138894 0 0.943397 -0.331666 0.365003 0.890595 -0.271316 -0.0685487 0.983826 0.165492 0 0.984732 -0.17408 -0.375552 0.916334 -0.138901 -0.400956 0.916005 -0.0130241 -7.59283e-07 1 1.5388e-06 0 0.943397 0.331666 0.365003 0.890595 0.271317 0.350362 0.925302 0.145131 -0.336436 0.879558 0.336436 -0.529673 0.847326 0.0385408 0.234522 0.943397 -0.234523 0.449953 0.890591 0.0662561 -0.159951 0.984899 0.0662534 0.122421 0.984899 -0.122421 -0.167922 0.916429 -0.363263 -0.27135 0.916431 -0.294148 0.168404 -0.983247 -0.0697545 0.338092 -0.878287 -0.338092 0.0403704 -0.846423 -0.530978 -0.0106443 -0.915669 -0.401792 0.177766 0.984073 -1.60841e-07 0.43852 0.880175 -0.18164 0.237241 0.84777 -0.474345 0.140325 0.916148 -0.375476 -0.43852 -0.880175 -0.18164 -0.177767 -0.984073 1.60841e-07 -0.140327 -0.916148 -0.375476 -0.237242 -0.84777 -0.474344 -0.306421 0.943396 -0.126923 -0.390351 0.890591 0.233395 4.35255e-05 0.925303 -0.379228 -0.145072 0.925302 -0.350387 0.145169 0.925302 0.350346 4.35827e-05 0.925303 0.379228 -0.148964 0.925294 0.348771 -0.00347585 0.925298 0.379226 -0.00347565 0.925297 -0.379226 0.141274 0.925294 -0.351956 0.14516 0.925302 -0.35035 -0.14508 0.925302 0.350383 -0.27149 0.925288 0.26483 0.264827 0.925288 -0.271493 0.2682 0.925298 -0.268126 -0.268126 0.925298 0.2682 -0.344938 0.92521 0.158128 -0.256862 0.925181 0.279396 0.279423 0.92518 -0.256835 0.355723 0.92521 -0.13209 0.35039 0.925302 -0.145063 -0.350343 0.925302 0.145176 -0.3792 0.925234 0.0122411 0.3792 0.925234 0.0122186 0.0480728 0.117296 0.991933 0.374487 -0.0213369 0.926987 0.33517 0.117289 0.934828 0.00874688 -0.021342 0.999734 -0.348996 0.925296 -0.148423 -0.379226 0.925298 -0.00343341 0.379226 0.925298 -0.00343166 0.351733 0.925296 0.141815 -0.362328 -0.924836 -0.115742 -0.379053 -0.924875 0.0304131 0.379051 -0.924871 0.0305532 0.338048 -0.924836 0.174363 -0.265532 0.925292 -0.27079 0.270791 0.925292 0.265531 -0.291386 -0.924793 -0.244647 0.244764 -0.924798 0.291272 -0.26812 0.925298 -0.268206 0.268206 0.925299 0.268119 0.402622 0.915329 0.00827619 0.37581 0.916964 0.133955 0 0.985786 0.168009 0.0709537 0.982661 -0.171299 -0.338092 0.878287 -0.338092 -0.168404 0.983247 -0.0697549 0.0106446 0.915669 -0.401792 -0.0403694 0.846424 -0.530978 0.393199 -0.918797 0.0347428 0.374265 -0.913194 0.161255 0 -0.979516 0.201368 0.0574828 -0.988654 -0.138776 0.53227 0.845523 -0.0421846 0.339731 0.877021 -0.339731 0.51751 -0.855402 -0.0216972 0.320989 -0.891029 -0.320988 -0.271351 -0.916431 -0.294147 -0.167924 -0.916429 -0.363261 0.12242 -0.984899 -0.122419 -0.159951 -0.984899 0.0662538 -0.0105837 0.91566 -0.401814 0.0404158 0.846401 -0.531011 0.338133 0.878255 -0.338133 0.168479 0.983232 -0.0697858 -0.140264 0.916156 0.375479 -0.237188 0.847792 0.474332 -0.438467 0.880206 0.181618 -0.177688 0.984087 -1.60842e-07 -0.237188 0.847792 -0.474332 -0.140264 0.916156 -0.375479 -0.177688 0.984087 -1.60842e-07 -0.438467 0.880206 -0.181618 -0.010585 0.915661 0.401813 0.168476 0.983232 0.0697846 -0.268163 -0.925298 0.268163 -0.39035 -0.890592 0.233396 -0.30642 -0.943397 -0.126922 -1.09853e-07 -1 1.22367e-07 0.0404158 0.846401 0.531011 0.338133 0.878255 0.338133 -0.233396 -0.890592 0.39035 0.126922 -0.943397 0.30642 -0.294147 0.916431 0.271351 -0.363261 0.916429 0.167924 -0.12242 0.984899 -0.12242 0.0662536 0.984899 0.159951 0.374977 0.91493 0.149317 0.47535 0.845977 0.24159 0.18342 0.87765 0.442818 0 0.981595 0.190976 -0.377664 0.921488 -0.0907227 -0.463086 0.865465 -0.191108 -0.162323 0.905581 -0.391885 0 0.993244 -0.116045 0.141903 0.925296 0.351696 0.2656 0.925292 0.270722 0.325585 0.885706 0.330936 0.174285 0.885713 0.430275 0.126923 0.943397 0.30642 1.34227e-06 1 1.25844e-06 -0.268162 0.925299 0.268164 -0.233396 0.890592 0.39035 -7.13036e-07 1 -1.92134e-06 0.234522 0.943397 0.234522 0.449952 0.890591 -0.0662568 0.350362 0.925302 -0.145131 0 -0.984088 0.17768 0.179765 -0.882799 0.433994 0.473279 -0.849627 0.23268 0.375552 -0.916334 0.138896 0 0.943397 -0.331665 0.365003 0.890596 -0.271316 -0.0685485 0.983826 0.165492 0 0.984731 -0.17408 -0.375552 0.916333 -0.138902 -0.400956 0.916005 -0.0130244 -8.20946e-07 1 1.68525e-06 0 0.943397 0.331665 0.365003 0.890595 0.271316 0.350362 0.925302 0.145131 -0.336435 0.879559 0.336435 -0.529672 0.847327 0.0385402 0.234522 0.943397 -0.234522 0.449953 0.890591 0.0662563 0.159951 -0.984899 -0.0662535 -0.12242 -0.984899 0.12242 0.167924 -0.916429 0.363262 0.271351 -0.916431 0.294148 0.168404 -0.983247 -0.0697546 0.338092 -0.878287 -0.338092 0.0403706 -0.846423 -0.530978 -0.0106441 -0.915669 -0.401792 0.177768 0.984073 -1.60841e-07 0.438521 0.880174 -0.18164 0.237243 0.847769 -0.474345 0.140327 0.916147 -0.375476 -0.438521 -0.880174 -0.18164 -0.177767 -0.984073 1.60841e-07 -0.140328 -0.916148 -0.375476 -0.237243 -0.847769 -0.474345 -0.306419 0.943397 -0.126922 -0.39035 0.890592 0.233396 4.41392e-05 0.925303 -0.379228 -0.14507 0.925302 -0.350387 -0.177593 0.885719 -0.428909 4.61333e-05 0.885719 -0.464223 -0.148965 0.925294 0.34877 -0.00347739 0.925298 0.379226 -0.00363276 0.885713 0.464219 -0.181663 0.885711 0.427218 0.145162 0.925302 -0.350349 0.177689 0.885719 -0.428869 -0.27149 0.925288 0.26483 -0.331739 0.885702 0.324779 0.268202 0.925298 -0.268125 0.328303 0.885713 -0.328223 -0.344939 0.92521 0.158126 -0.256864 0.925181 0.279394 -0.316453 0.88559 0.339982 -0.423205 0.885623 0.19123 0.35039 0.925302 -0.145063 0.428912 0.885719 -0.177586 -0.3792 0.925234 0.0122393 -0.464184 0.885646 0.0127895 0.048073 0.117297 0.991933 0.374487 -0.0213363 0.926986 0.364245 -0.0373554 0.930554 0.0654731 0.12492 0.990004 -0.348997 0.925296 -0.148421 -0.379226 0.925298 -0.00343091 -0.464219 0.885713 -0.00358361 -0.427455 0.885713 -0.181094 -0.362328 -0.924836 -0.115742 -0.379053 -0.924875 0.0304122 -0.463988 -0.885272 0.0317489 -0.44133 -0.885233 -0.146937 -0.265533 0.925292 -0.270789 -0.325516 0.885706 -0.331006 -0.291385 -0.924793 -0.244648 -0.352496 -0.885184 -0.303638 -0.268119 0.925298 -0.268207 -0.328217 0.885713 -0.328309 -0.0498814 0.0951719 0.99421 0.189876 0.338259 0.921699 0.000970497 0.220236 0.975446 -0.0514767 0.0304448 0.99821 0.189875 0.338259 -0.921699 -0.049882 0.0951727 -0.99421 -0.0514794 0.0304461 -0.99821 0.000970025 0.220236 -0.975446 0.267242 0.626841 -0.731882 0.000675432 0.385566 -0.92268 0.0498821 0.095173 -0.99421 -0.189875 0.338259 -0.921699 -0.000970093 0.220236 -0.975446 0.0514771 0.0304448 -0.99821 0.187522 0.818998 -0.542289 0.000119463 0.479468 -0.87756 -0.189876 0.338258 0.921699 0.0498818 0.0951727 0.99421 0.0514786 0.030446 0.99821 -0.000969839 0.220237 0.975446 3.34429e-07 0.885719 -0.464223 -1.10193e-07 0.509059 -0.860732 -0.267242 0.626841 0.731882 -0.00067585 0.385566 0.92268 -0.187521 0.818998 -0.542289 -0.000118856 0.479468 -0.87756 -0.267243 0.62684 -0.731883 -0.000675588 0.385566 -0.92268 0.187522 0.818998 0.542289 1.52303e-07 0.885719 0.464222 9.64838e-08 0.509059 0.860731 0.000118583 0.479468 0.877559 0.267242 0.626841 0.731882 0.000675925 0.385566 0.92268 -0.187521 0.818999 0.542289 -0.000118857 0.479468 0.877559 -0.0537818 0.071319 -0.996003 0.130019 0.317377 -0.939344 -0.179776 0.577895 0.796064 -0.124143 0.742902 0.657789 0.13002 0.317376 0.939344 -0.0537794 0.0713162 0.996003 -0.130019 0.317377 -0.939344 0.0537794 0.0713159 -0.996003 0.179777 0.577894 -0.796064 0.0537794 0.0713162 0.996003 -0.130018 0.317378 0.939344 0.124142 0.742902 -0.657789 4.61356e-07 0.798426 -0.602093 0.179778 0.577894 0.796064 -0.124142 0.742902 -0.657789 -4.51551e-07 0.798426 0.602093 -0.179777 0.577894 -0.796064 0.124141 0.742902 0.657788 0.999996 -0.00221821 -0.00167276 0.924522 0.00221335 -0.381122 0.930011 0.00509686 -0.367497 0.999993 -0.00367293 0.000643549 -0.710455 -0.0063214 -0.703714 -0.924521 -0.0022093 -0.381125 -0.929984 -0.00546904 -0.367559 -0.707926 0.00616968 -0.706259 0.92568 -0.00631359 0.378255 0.929547 -0.0113017 0.368531 -0.451283 -0.103086 -0.886407 -0.371159 0.0274717 -0.928163 0.756153 -0.103079 0.646226 0.710477 0.0269085 0.703206 -0.381123 -0.00221237 0.924522 -0.0715971 0.0949439 0.992905 -0.00592118 -0.033794 0.999411 -0.367561 -0.00547939 0.929983 0.754587 0.099351 -0.648635 0.710862 -0.0302889 -0.702679 0.0846938 -0.112311 0.990057 0.391754 -0.0131189 0.919976 0.36371 -0.0169084 0.931359 0.00133899 0.00764226 0.99997 0.106305 0.140969 0.98429 0.348435 -0.0481341 0.936096 0.350279 0.0877166 0.932529 -0.0051301 0.0292794 0.999558 -0.648636 -0.0993492 0.754586 -0.702362 0.0322936 0.711087 -0.389661 -0.010084 0.920903 -0.0633538 -0.0840124 0.994449 -0.00850129 0.04852 0.998786 -0.364806 -0.010646 0.931023 -0.92568 0.00631512 0.378254 -0.756153 0.103079 0.646226 -0.710254 -0.0249878 0.703502 -0.929577 0.010913 0.368467 -0.670843 0.063772 0.738852 -0.694159 -0.0789197 0.715482 -0.999996 0.00221989 -0.00167401 -0.999996 0.00262573 0.00046006 0.656921 0.0863423 0.748999 0.699602 -0.0490299 0.712849 0.746406 0.114521 0.655563 0.931021 -0.00264491 0.364957 0.930533 -0.0123059 0.366001 0.718527 0.0561459 0.693229 0.999982 -0.0051645 0.00304262 0.999989 -0.00437697 0.0016941 0.93289 -0.00630731 -0.360105 0.931884 0.00265434 -0.362747 0.74084 -0.0958079 -0.664814 0.718172 -0.054196 -0.693752 0.932553 -0.00863786 0.36093 0.707061 -0.0113903 0.707061 0.999995 -0.00312898 0 0.932584 0.002803 -0.360942 0.707094 0.00597772 -0.707094 0.933323 -0.00869498 0.358932 0.721244 -0.0716362 0.688967 0.99999 -0.00422265 -0.00163436 0.932157 -0.000514039 -0.362054 0.721499 0.0731444 -0.688541 0.929318 -0.0533222 0.36541 0.758276 -0.116918 0.641364 0.999974 -0.00510978 -0.00510978 0.926851 0.0448841 -0.372736 0.7693 0.147735 -0.621573 -0.63602 -0.151918 0.756571 -0.355939 -0.0139371 0.934405 -0.359099 -0.00820587 0.933263 -0.679483 -0.103899 0.726298 -0.0548196 0.0930503 0.994151 -0.0305722 0.0789909 0.996406 0.0102062 -0.0173237 0.999798 0.315328 0.0857707 0.945099 0.333085 0.0813374 0.939382 0.00087929 -0.00227163 0.999997 0.608744 0.200243 0.76768 0.659182 0.165193 0.733615 -0.360933 -0.0108582 0.932529 -0.706537 -0.0401231 0.706537 0 0.0175603 0.999846 0.359648 0.0850017 0.929208 0 0.061982 0.998077 0.702911 0.108782 0.702911 -0.365521 -0.0108612 0.93074 -0.703155 0.0170391 0.710832 -0.0165336 -0.0427186 0.99895 0.380323 0.0566141 0.923119 0.0504447 0.130336 0.990186 0.714679 0.0358324 0.698534 -0.374687 0.0426272 0.926171 -0.670241 0.0687182 0.738955 -0.0683536 -0.0683535 0.995317 0.347996 -0.0731333 0.934639 0.143837 0.143837 0.979092 -0.390396 -0.0893834 -0.916298 -0.713483 -0.0298397 -0.700037 -0.701856 0.0103496 -0.712243 -0.472831 -0.0773328 -0.877753 -0.747986 0.120032 -0.65277 -0.932255 0.00321032 -0.361788 -0.931358 -0.00644756 -0.364047 -0.719502 0.0615793 -0.691755 -0.999999 0.00111067 0.000654335 -0.999998 0.0019443 0.000752542 -0.931671 -0.000415101 0.363303 -0.93108 0.00852868 0.364715 -0.739155 -0.0904184 0.667439 -0.71719 -0.0488894 0.695161 -0.932584 -0.00280932 -0.360942 -0.707094 -0.00598447 -0.707094 -0.999995 0.00313722 0 -0.932553 0.00864721 0.36093 -0.707061 0.0113878 0.707061 -0.932597 -0.00288155 -0.360907 -0.999998 0.00203261 -0.000786712 -0.932903 0.00529258 0.36009 -0.722394 0.0785363 0.687007 -0.927882 -0.0483603 -0.369725 -1 -9.94973e-05 9.94997e-05 -0.928274 0.0496994 0.368562 -0.770948 0.152657 0.618332 -0.652745 0.120009 0.748012 -0.361794 0.00320023 0.932253 -0.364046 -0.00644333 0.931359 -0.691758 0.0615703 0.7195 -0.0447116 -0.0758929 0.996113 -0.0245289 -0.0633763 0.997688 0.0274529 0.0465984 0.998536 0.347685 -0.0289044 0.937166 0.35517 -0.0196564 0.934595 0.0138335 0.0357423 0.999265 0.655195 -0.115178 0.746629 0.688611 -0.0728982 0.721457 -0.360952 -0.00280578 0.93258 -0.707094 -0.00598732 0.707094 0 0.000273776 1 0.360887 -0.0192081 0.932412 0 -0.0252226 0.999682 0.707047 -0.0130448 0.707047 -0.360907 -0.00288067 0.932597 -0.690437 -0.0663704 0.720342 -0.0237995 0.0614919 0.997824 0.369274 -0.0222133 0.929055 0.034172 -0.0882917 0.995508 0.693769 0.0541325 0.71816 -0.369719 -0.0483663 0.927884 -0.644379 -0.11204 0.756454 -0.0855137 0.0855139 0.992661 0.388498 0.0265167 0.921068 0.110153 -0.110153 0.987792 0.633153 0.129903 0.763048 0.678745 0.149201 0.719058 0.143675 0.624255 0.767896 0.0673877 0.690154 0.720518 -0.00347054 0.363021 0.931774 0.0430818 0.374294 0.926309 2.26567e-07 0.707107 0.707107 8.84051e-07 0.360944 0.932588 -0.0603065 0.692103 0.719275 -0.000121602 0.361812 0.932251 -0.106821 0.647638 0.754424 -0.0466035 0.371248 0.927363 -0.0635344 0.024591 0.997677 -0.0904723 0.0904724 0.991781 -6.81767e-07 1.6659e-07 1 0.0612282 0.0236984 0.997842 0.0851843 0.0851845 0.992717 -0.0851844 0.0851843 -0.992717 -0.0612327 0.0236998 -0.997842 0.000121834 0.361811 -0.932251 0.0466044 0.371247 -0.927364 -7.29611e-07 -1.6659e-07 -1 5.15058e-07 0.360943 -0.932588 0.0635394 0.0245926 -0.997676 0.00347228 0.363021 -0.931774 0.0904718 0.0904717 -0.991781 -0.0430843 0.374292 -0.92631 0.0603099 0.692101 -0.719276 0.106814 0.64762 -0.75444 -2.57336e-07 0.707107 -0.707107 -0.0673868 0.690154 -0.720518 -0.143657 0.624243 -0.767908 0.268201 0.925298 -0.268125 0.145161 0.925302 -0.35035 -0.145079 0.925302 0.350383 -0.268125 0.925298 0.268201 -0.265535 0.925292 -0.270788 -0.348997 0.925296 -0.148421 0.351732 0.925296 0.141817 0.27079 0.925292 0.265532 -0.271492 0.925288 0.264828 -0.148965 0.925294 0.34877 0.141273 0.925294 -0.351957 0.264826 0.925288 -0.271494 -0.00347735 0.925298 0.379226 0.141904 0.925296 0.351696 -0.148334 0.925296 -0.349033 -0.0034768 0.925297 -0.379226 -0.362328 -0.924836 -0.115743 -0.379053 -0.924875 0.0304122 0.379051 -0.924871 0.0305532 0.338048 -0.924836 0.174362 4.51183e-05 0.925303 -0.379228 4.55239e-05 0.925303 0.379228 -0.379226 0.925298 -0.00343179 0.379226 0.925298 -0.00342998 0.0480728 0.117296 0.991933 0.374488 -0.0213362 0.926986 0.335169 0.11729 0.934829 0.00874665 -0.0213414 0.999734 -0.145069 0.925302 -0.350388 0.14517 0.925302 0.350346 -0.3792 0.925234 0.0122393 -0.344938 0.92521 0.158128 0.355723 0.92521 -0.13209 0.3792 0.925234 0.0122176 0.265601 0.925292 0.270721 -0.270721 0.925292 -0.265602 0.350389 0.925302 -0.145065 -0.350343 0.925302 0.145176 -0.268119 0.925298 -0.268207 0.268207 0.925298 0.268119 -0.256862 0.925181 0.279396 0.279423 0.92518 -0.256835 -0.291386 -0.924793 -0.244647 0.244765 -0.924798 0.291271 -0.177689 0.984087 -1.60842e-07 -0.140265 0.916156 -0.375479 -0.0105854 0.915661 -0.401813 0.168476 0.983232 -0.069785 0.0404139 0.846402 -0.53101 0.338132 0.878256 -0.338132 0.320988 -0.891029 -0.320988 0.51751 -0.855402 -0.0216967 0.393199 -0.918797 0.0347425 0.0574831 -0.988654 -0.138777 0.374265 -0.913194 0.161255 0 -0.979516 0.201367 0 -0.993243 0.11605 0.377664 -0.921487 0.0907263 0.463086 -0.865464 0.19111 0.162324 -0.90558 0.391887 -0.0662535 -0.984899 -0.159951 0.294147 -0.916431 -0.27135 0.363261 -0.916429 -0.167924 0.12242 -0.984899 0.12242 0.338132 0.878256 0.338132 0.0404144 0.846401 0.53101 -0.0105854 0.915661 0.401813 0.168476 0.983232 0.0697845 -0.140265 0.916156 0.375479 -0.17769 0.984087 -1.60841e-07 -0.237188 0.847792 0.474332 -0.438467 0.880205 0.181618 0.159951 0.984899 -0.0662537 0.27135 0.916431 0.294147 0.167924 0.916429 0.363261 -0.12242 0.984899 0.12242 0.339731 0.877021 -0.339731 0.53227 0.845523 -0.0421843 0.402622 0.915329 0.00827664 0.0709535 0.982661 -0.171298 0.37581 0.916964 0.133954 0 0.985786 0.168008 0 0.981595 0.190977 0.374977 0.91493 0.149318 0.47535 0.845976 0.241591 0.18342 0.877649 0.442819 0.126923 -0.943396 0.306421 -0.233396 -0.890591 0.390351 -0.268163 -0.925298 0.268164 6.85093e-07 -1 9.07675e-07 -0.39035 -0.890592 0.233396 -0.30642 -0.943397 -0.126922 -0.438468 0.880205 -0.181619 -0.237189 0.847791 -0.474333 </float_array>
          <technique_common>
            <accessor count="1142" offset="0" source="#meshId0-tangents-array" stride="3">
              <param name="X" type="float" />
              <param name="Y" type="float" />
              <param name="Z" type="float" />
            </accessor>
          </technique_common>
        </source>
        <source id="meshId0-bitangents" name="meshId0-bitangents">
          <float_array id="meshId0-bitangents-array" count="3426"> -0.241182 -0.961538 0.13144 -0.270648 -0.952814 0.137463 -0.739081 -0.644339 0.196432 -0.730867 -0.653912 0.195533 0.670761 0.316478 -0.670761 0.707107 -3.42727e-07 -0.707107 0.707107 -4.47035e-07 -0.707107 0.64984 0.394229 -0.64984 0.601923 0.524764 0.601923 0.670762 0.316478 0.670761 0.64984 0.394229 0.649839 0.554155 0.621148 0.554155 0.745409 0.649856 0.148504 0.272833 0.960507 0.0546647 0.240255 0.961469 0.133625 0.689228 0.657032 0.305408 0.670761 -0.316479 -0.670761 0.649839 -0.39423 -0.64984 0.707107 -7.45058e-08 0.707107 0.707107 1.04308e-07 0.707107 0.187372 0.961912 0.199041 0.60859 0.653026 0.450749 0.235855 -0.960164 0.149856 0.2537 -0.961941 0.101518 0.27133 -0.956317 0.1088 0.251963 -0.954323 0.160571 0.00198943 0.657141 0.753765 0.00321362 0.961941 0.27324 -0.0960223 0.961905 0.255965 -0.283168 0.657133 0.698565 0.601923 -0.524764 -0.601923 0.554155 -0.621148 -0.554155 0.419104 0.649468 0.634463 0.149856 0.960164 0.235855 0.101518 0.961941 0.2537 0.286568 0.657142 0.697168 0.670761 -0.316478 0.670761 0.64984 -0.394229 0.64984 -0.145934 0.959831 0.239643 -0.416476 0.649127 0.636538 -0.186621 -0.961903 0.199789 -0.226503 -0.959828 0.165609 -0.628341 -0.649135 0.428733 -0.528918 -0.657121 0.537064 -0.101519 -0.961941 0.2537 -0.286568 -0.657142 0.697168 0.601923 -0.524763 0.601923 0.554155 -0.621147 0.554155 -0.00321405 -0.96194 0.27324 -0.00198974 -0.657141 0.753765 0.283168 -0.657132 0.698565 0.0960221 -0.961905 0.255966 0.630646 -0.650072 -0.4239 0.228941 -0.960699 -0.156985 0.24918 -0.961911 -0.112408 0.69436 -0.657134 -0.293324 0.145934 -0.95983 0.239644 0.416476 -0.649127 0.636539 -0.601923 0.524764 0.601923 -0.670761 0.316478 0.670761 -0.64984 0.39423 0.64984 -0.554155 0.621148 0.554155 0.634463 -0.649468 0.419104 0.697168 -0.657142 0.286568 0.745437 -0.649881 0.14825 0.272839 -0.96053 0.0542281 0.272612 -0.959729 -0.0678416 0.744467 -0.649035 -0.1566 -0.707107 7.45058e-08 0.707107 -0.707107 2.98023e-08 0.707107 0.925009 -0.0033073 -0.37993 0.922751 -0.00330745 -0.385382 0.999991 -0.00317402 -0.00283169 0.999991 -0.00317084 0.00282886 0.709271 -0.00344206 -0.704928 0.704931 -0.00343788 -0.709268 -0.406564 0.0293607 0.91315 -0.358183 0.029337 0.93319 -0.687165 0.030665 0.725854 -0.725658 0.0303348 0.687386 -0.0252842 0.028341 0.999278 0.0250326 0.028059 0.999293 -0.431831 0.0612205 -0.899874 -0.329734 0.0625752 -0.941998 0.0546174 0.06122 -0.996629 -0.0558263 0.062575 -0.996478 -0.712245 0.00821289 -0.701883 -0.701879 0.00821912 -0.712249 -0.374968 0.0092961 -0.926991 -0.390318 0.00932717 -0.920633 -0.926187 0.0068437 -0.377003 -0.921513 0.00684506 -0.388286 -0.999961 0.00656253 0.00585474 -0.999961 0.00657785 -0.00586841 -0.928196 -0.0130285 0.371863 -0.919295 -0.0130445 0.393354 -0.999885 -0.011337 0.0101143 -0.999885 -0.0112916 -0.0100738 -0.716302 -0.0147972 0.697633 -0.697683 -0.0147199 0.716255 -0.379931 0.00330669 0.925009 -0.385382 0.003307 0.922751 -0.709267 0.00343657 0.704931 -0.704929 0.00344087 0.70927 0.0028299 0.00317217 0.999991 -0.00283313 0.00317579 0.999991 0.371863 -0.0130284 0.928196 0.393353 -0.0130443 0.919295 0.0101143 -0.0113369 0.999885 -0.0100738 -0.0112914 0.999886 0.697633 -0.0147973 0.716302 0.716255 -0.01472 0.697683 0.928196 0.0130285 0.371863 0.919295 0.0130445 0.393353 0.697683 0.0147199 0.716255 0.716302 0.0147972 0.697633 0.999886 0.0112916 -0.0100738 0.999884 0.011337 0.0101143 0.601923 0.524764 -0.601923 0.554155 0.621148 -0.554155 -0.670761 -0.316478 -0.670762 -0.601923 -0.524763 -0.601924 -0.554155 -0.621147 -0.554156 -0.649839 -0.394229 -0.64984 -0.707107 7.45058e-08 -0.707107 -0.707107 1.63913e-07 -0.707107 -0.670761 0.316478 -0.670761 -0.649839 0.39423 -0.64984 -0.601923 0.524763 -0.601923 -0.554155 0.621148 -0.554155 0.131274 0.739743 -0.65996 0.131274 0.739743 -0.65996 0.142717 0.681797 -0.717485 0.165607 0.528599 -0.832561 0.190587 0.213627 -0.958144 0.190588 -0.2136 -0.95815 0.165604 -0.52862 -0.832548 0.142717 -0.681796 -0.717486 0.131274 -0.739743 -0.65996 0.131274 -0.739744 -0.65996 0.142717 -0.681797 -0.717485 0.165607 -0.528599 -0.832561 0.190587 -0.213627 -0.958144 0.190588 0.2136 -0.95815 0.165604 0.52862 -0.832548 0.142717 0.681796 -0.717486 -0.670761 -0.316478 0.670761 -0.601923 -0.524763 0.601923 -0.554155 -0.621148 0.554155 -0.64984 -0.394229 0.64984 0.108799 0.956317 0.27133 0.160571 0.954323 0.251962 -0.218418 0.923065 -0.316614 -0.147821 0.925298 -0.349246 -0.200066 -0.95628 0.213313 -0.242545 -0.953965 0.176417 0.00323233 0.956317 0.292312 0.266783 -0.956288 -0.119753 0.291562 -0.953862 -0.0716933 -0.00323278 -0.956317 0.292313 -0.1088 -0.956317 0.27133 0.25775 0.955838 0.141203 0.203108 0.956309 0.210284 -0.10327 0.956281 0.273608 -0.156616 0.953969 0.255764 0.156616 -0.953969 0.255764 0.10327 -0.956281 0.273608 -0.259965 -0.955996 0.13598 -0.289352 -0.946633 0.141992 0.291822 -0.954712 0.0580052 0.245025 -0.954893 -0.167755 0.291814 0.954688 0.0584451 -0.152675 -0.925271 -0.347224 -0.00284562 -0.9253 -0.379226 0.00284492 0.925299 -0.379227 0.152675 0.925271 -0.347224 0.147821 -0.925298 -0.349246 0.221916 0.923365 -0.31329 0.273979 -0.925267 -0.262329 -0.322659 -0.922463 0.212024 -0.35324 -0.925276 0.138155 0.32493 -0.923371 -0.204465 -0.378471 -0.923456 0.0631644 0.402102 -0.915543 -0.00976302 0.379224 -0.925294 -0.00446452 -0.378153 -0.922679 -0.0752568 -0.349246 -0.925298 -0.147821 -0.378163 0.922705 -0.0748899 -0.360412 0.924975 -0.120517 -0.316612 -0.923065 -0.218419 -0.35604 0.917763 -0.175918 -0.221915 -0.923365 -0.31329 -0.327242 0.135487 0.935177 -0.0507994 -0.123948 0.990988 0 -0.168009 0.985786 -0.376046 0.185412 0.907861 -0.621043 -0.478134 -0.621043 -0.908403 -0.182279 -0.37627 -0.935153 -0.133168 -0.32826 -0.75517 -0.373824 -0.538492 -0.338506 -0.109525 0.934568 -0.061152 0.149209 0.986913 0 0.201367 0.979516 -0.37834 -0.150211 0.913398 -0.537214 0.375858 0.755071 -0.620147 0.480453 0.620147 -0.551448 -0.352794 0.755937 -0.630053 -0.453946 0.630053 0.894982 -0.127818 -0.427398 0.737369 0.127806 -0.663289 0.696429 0.173128 -0.696429 0.909929 -0.17313 -0.376903 0.935154 -0.133227 -0.328235 0.755168 -0.373874 -0.538461 0.621021 -0.478191 -0.621021 0.908389 -0.182357 -0.376265 0.990114 0.129789 0.0531928 0.904636 0.37072 -0.210239 0.813204 0.474594 -0.336838 0.984086 0.177691 -2.89495e-08 0.904636 0.370719 0.21024 0.990114 0.129787 -0.0531923 0.984087 0.177689 -2.89492e-08 0.813204 0.474593 0.336838 0.935154 -0.133226 0.328235 0.908389 -0.182357 0.376265 -0.707107 -1.77324e-06 -0.707106 -0.849854 0.251057 -0.463377 -0.871586 0.331666 -0.361021 -0.707107 -2.22187e-06 -0.707107 0.755168 -0.373873 0.538461 0.621021 -0.478191 0.621021 -0.463377 -0.251059 -0.849853 -0.36102 -0.331668 -0.871585 0.427398 -0.127816 0.894983 0.663289 0.127807 0.737369 0.696429 0.173128 0.696429 0.376903 -0.173128 0.909929 -0.0566257 -0.138165 0.988789 0.207927 -0.374844 0.90347 0.33586 -0.479303 0.810843 0 -0.190977 0.981594 0.0344053 -0.0839478 -0.995876 -0.233972 -0.327346 -0.915479 -0.346549 -0.424174 -0.836648 0 -0.116048 -0.993244 0.361021 -0.331666 0.871586 0.707107 1.9076e-07 0.707107 0.707107 -1.49012e-08 0.707107 0.463377 -0.251058 0.849854 -0.382682 -3.84342e-08 -0.92388 -0.667083 0.331665 -0.667083 -0.607827 0.251046 -0.75334 -0.382672 -9.80496e-06 -0.923884 0 -0.177677 -0.984089 -0.337831 -0.469749 -0.815601 -0.2126 -0.366491 -0.905807 0.0526724 -0.128519 -0.990307 0 -0.331665 -0.943397 -0.10289 -0.251048 -0.962491 -0.376492 -0.179127 0.908937 -0 0.17408 0.984732 -0.0526752 0.128526 0.990306 -0.329282 -0.130838 0.935123 0.382682 1.63634e-06 -0.92388 0 0.331665 -0.943397 0.10289 0.251049 -0.962491 0.382672 1.07437e-05 -0.923884 -0.621941 -0.475792 0.621941 -0.539777 -0.371773 0.755266 0.667083 -0.331665 -0.667083 0.607827 -0.251047 -0.75334 -0.909929 -0.17313 0.376903 -0.696429 0.173128 0.696429 -0.737369 0.127807 0.663289 -0.894982 -0.127817 0.427398 0.908402 0.182279 -0.37627 0.621042 0.478134 -0.621042 0.75517 0.373825 -0.538492 0.935153 0.133169 -0.32826 -0.984073 0.177768 -2.8962e-08 -0.813175 0.474652 0.336826 -0.904622 0.37077 0.210211 -0.990105 0.129845 -0.0532161 0.813176 -0.474651 0.336826 0.984073 -0.177767 2.8962e-08 0.990105 -0.129845 -0.0532161 0.904622 -0.37077 0.210212 0.871586 0.331666 0.36102 0.849854 0.251058 0.463377 -0.621043 -0.478134 -0.621042 -0.908402 -0.182281 -0.37627 -0.935153 -0.13317 -0.328259 -0.75517 -0.373824 -0.538492 0.924385 0.00322103 -0.381446 0.708073 0.00335112 -0.706131 0.706131 0.00334924 -0.708073 0.923375 0.00322118 -0.383886 0.36102 -0.331667 0.871586 0.707107 -1.6895e-07 0.707107 0.707107 1.19209e-07 0.707107 0.463377 -0.251058 0.849854 -0.382682 -2.04721e-06 -0.92388 -0.667083 0.331664 -0.667083 -0.607828 0.251046 -0.75334 -0.382673 -1.12429e-05 -0.923884 -0 0.177677 0.984089 0.337831 0.469749 0.815602 0.212601 0.366491 0.905807 -0.0526724 0.128519 0.990307 0 -0.331665 -0.943397 -0.10289 -0.251049 -0.962491 -0.376492 -0.179126 0.908938 -0 0.17408 0.984731 -0.0526754 0.128526 0.990306 -0.329282 -0.130837 0.935123 0.382682 1.74463e-06 -0.92388 0 0.331664 -0.943398 0.10289 0.251048 -0.962491 0.382672 1.05724e-05 -0.923884 -0.621942 -0.475791 0.621942 -0.539777 -0.371772 0.755266 0.667083 -0.331664 -0.667083 0.607827 -0.251047 -0.75334 0.909929 0.173129 -0.376903 0.696429 -0.173126 -0.696429 0.737369 -0.127805 -0.66329 0.894982 0.127818 -0.427398 0.908403 0.182279 -0.37627 0.621043 0.478132 -0.621043 0.75517 0.373822 -0.538493 0.935153 0.133168 -0.32826 -0.984073 0.177765 -2.89616e-08 -0.813176 0.47465 0.336827 -0.904622 0.370769 0.210212 -0.990106 0.129844 -0.0532154 0.813176 -0.474651 0.336826 0.984073 -0.177767 2.89619e-08 0.990105 -0.129845 -0.0532161 0.904622 -0.37077 0.210212 0.871586 0.331666 0.361021 0.849854 0.251058 0.463377 -1 4.15192e-05 -1.70163e-05 -0.923894 5.03883e-05 0.382649 -0.923878 4.99561e-05 0.382687 -1 4.19474e-05 1.71918e-05 0.923274 0.00385277 0.384124 0.999994 0.00321764 0.00131872 0.999994 0.00321746 -0.00131865 0.924482 0.00385212 0.381206 -0.923879 4.07323e-05 -0.382684 -0.923892 4.07323e-05 -0.382653 0.705835 0.00436005 0.708362 0.708363 0.00436316 0.705834 -0.707092 4.97401e-05 -0.707121 -0.707121 4.98742e-05 -0.707092 0.387568 -0.0130406 0.921749 0.711289 -0.0147415 0.702745 0.702734 -0.0147771 0.711299 0.377695 -0.0130333 0.925838 -0.382647 5.49853e-05 -0.923894 -0.38269 5.59762e-05 -0.923877 0.00464154 -0.011325 0.999925 -0.004633 -0.0113042 0.999925 0.376169 0.917838 -0.126767 0.359097 0.925056 -0.123778 -0.396047 0.917838 0.0268383 -0.379127 0.925057 0.0230634 -0.383918 0.0033076 0.923361 -0.00130135 0.00317542 0.999994 0.00130069 0.0031738 0.999994 -0.381414 0.00330702 0.924399 -0.371363 0.0293493 0.928024 0.0115333 0.028141 0.999537 -0.0115866 0.028271 0.999533 -0.393593 0.0293605 0.918816 -0.708099 0.00344045 0.706105 -0.706104 0.00344153 0.708099 -0.697858 0.0305801 0.715583 -0.715543 0.0304284 0.697906 -0.707123 5.6088e-05 0.70709 -0.707091 5.51194e-05 0.707123 -0.327242 0.135487 0.935177 -0.0507993 -0.123948 0.990988 0 -0.168008 0.985786 -0.376046 0.185412 0.907861 -0.621043 -0.478133 -0.621043 -0.908402 -0.18228 -0.37627 -0.935153 -0.13317 -0.32826 -0.75517 -0.373824 -0.538492 -0.338507 -0.109523 0.934568 -0.0611523 0.14921 0.986913 0 0.201366 0.979516 -0.37834 -0.150209 0.913398 -0.537215 0.375856 0.755071 -0.620148 0.480451 0.620148 -0.551449 -0.352793 0.755937 -0.630053 -0.453944 0.630054 -0.894982 0.127818 0.427398 -0.737369 -0.127806 0.663289 -0.696429 -0.173128 0.696429 -0.909929 0.17313 0.376903 -0.935154 0.133227 0.328235 -0.755168 0.373875 0.53846 -0.62102 0.478192 0.62102 -0.908389 0.182358 0.376265 -0.990114 -0.129788 -0.0531924 -0.904636 -0.370719 0.21024 -0.813205 -0.474593 0.336838 -0.984087 -0.177689 2.89492e-08 -0.904636 -0.370718 -0.21024 -0.990114 -0.129787 0.0531922 -0.984087 -0.177689 2.89492e-08 -0.813205 -0.474592 -0.336838 -0.935154 0.133226 -0.328235 -0.908389 0.182357 -0.376265 -0.707107 -4.47035e-07 -0.707107 -0.849854 0.251057 -0.463377 -0.871586 0.331666 -0.361021 -0.707107 -3.52253e-07 -0.707107 -0.755168 0.373874 -0.538461 -0.621021 0.478191 -0.621021 -0.463377 -0.251059 -0.849853 -0.36102 -0.331667 -0.871586 0.427398 -0.127816 0.894983 0.663289 0.127807 0.737369 0.696429 0.173128 0.696429 0.376903 -0.173128 0.909929 -0.0566257 -0.138165 0.988789 0.207927 -0.374843 0.90347 0.33586 -0.479303 0.810843 0 -0.190977 0.981595 -0.034406 0.0839495 0.995876 0.233972 0.327346 0.915479 0.346549 0.424174 0.836648 0 0.116049 0.993243 0.924385 0.00322108 -0.381446 0.708073 0.00335099 -0.706131 0.706131 0.0033492 -0.708073 0.923375 0.00322121 -0.383886 0.36102 -0.331668 0.871585 0.707107 -3.68585e-07 0.707107 0.707107 -8.9407e-08 0.707107 0.463377 -0.251059 0.849854 -0.382682 -1.93913e-06 -0.92388 -0.667082 0.331665 -0.667082 -0.607827 0.251047 -0.75334 -0.382672 -1.09896e-05 -0.923884 -0 0.177676 0.984089 0.337831 0.469748 0.815602 0.212601 0.36649 0.905807 -0.0526721 0.128518 0.990308 0 -0.331665 -0.943397 -0.10289 -0.251049 -0.962491 -0.376492 -0.179125 0.908938 -0 0.17408 0.984731 -0.0526751 0.128526 0.990306 -0.329282 -0.130837 0.935123 0.382682 1.76798e-06 -0.92388 0 0.331664 -0.943397 0.10289 0.251048 -0.962491 0.382672 1.06022e-05 -0.923884 -0.621941 -0.475792 0.621941 -0.539777 -0.371773 0.755266 0.667083 -0.331665 -0.667083 0.607827 -0.251047 -0.75334 -0.909929 -0.173128 0.376903 -0.696429 0.173129 0.696429 -0.737369 0.127806 0.663289 -0.894983 -0.127817 0.427398 0.908402 0.182279 -0.37627 0.621043 0.478134 -0.621043 0.75517 0.373824 -0.538492 0.935153 0.133168 -0.32826 -0.984073 0.177767 -2.8962e-08 -0.813175 0.474652 0.336826 -0.904622 0.37077 0.210211 -0.990105 0.129845 -0.0532162 0.813175 -0.474651 0.336826 0.984073 -0.177767 2.8962e-08 0.990105 -0.129845 -0.0532161 0.904622 -0.37077 0.210212 0.871586 0.331666 0.36102 0.849854 0.251058 0.463377 -1 4.15192e-05 -1.70163e-05 -0.923893 4.87715e-05 0.38265 -0.923878 4.88907e-05 0.382687 -1 4.14887e-05 1.70038e-05 0.923274 0.00385293 0.384124 0.999994 0.00321783 0.0013188 0.999994 0.0032177 -0.00131875 0.924482 0.00385226 0.381206 -0.923879 4.02555e-05 -0.382684 -0.923892 4.06206e-05 -0.382653 0.705835 0.00436029 0.708362 0.708363 0.00436336 0.705834 -0.707093 4.8399e-05 -0.707121 -0.707121 4.83543e-05 -0.707093 0.387569 -0.0130421 0.921749 0.71129 -0.0147436 0.702744 0.702733 -0.014779 0.7113 0.377695 -0.0130352 0.925839 -0.382647 5.49853e-05 -0.923894 -0.382689 5.4948e-05 -0.923877 0.00464154 -0.011325 0.999925 -0.00463332 -0.011305 0.999925 0.376169 0.917839 -0.126765 0.359098 0.925056 -0.123777 -0.396047 0.917838 0.0268397 -0.379127 0.925057 0.0230649 -0.383918 0.00330722 0.923361 -0.00130137 0.00317547 0.999994 0.00130069 0.0031738 0.999994 -0.381414 0.00330704 0.924399 -0.371363 0.0293493 0.928024 0.0115331 0.0281405 0.999537 -0.0115862 0.0282702 0.999533 -0.393593 0.0293603 0.918816 -0.708098 0.00343846 0.706105 -0.706105 0.00344051 0.708099 -0.697858 0.0305802 0.715583 -0.715543 0.0304284 0.697906 -0.707123 5.59986e-05 0.70709 -0.70709 5.70118e-05 0.707123 -0.327242 0.135487 0.935177 -0.0507994 -0.123948 0.990988 0 -0.168008 0.985786 -0.376046 0.185413 0.907861 -0.621043 -0.478134 -0.621042 -0.908402 -0.182279 -0.37627 -0.935153 -0.133169 -0.32826 -0.75517 -0.373824 -0.538492 -0.338506 -0.109525 0.934568 -0.061152 0.149209 0.986913 0 0.201367 0.979516 -0.37834 -0.150212 0.913398 -0.537215 0.375857 0.755071 -0.620147 0.480453 0.620147 -0.551448 -0.352795 0.755937 -0.630052 -0.453947 0.630053 0.894982 -0.127818 -0.427398 0.737369 0.127806 -0.663289 0.696429 0.173128 -0.696429 0.909929 -0.17313 -0.376903 0.935154 -0.133227 -0.328234 0.755167 -0.373876 -0.53846 0.62102 -0.478193 -0.62102 0.908389 -0.182358 -0.376265 -0.990114 -0.129787 -0.0531923 -0.904636 -0.370719 0.21024 -0.813204 -0.474593 0.336838 -0.984087 -0.177689 2.89492e-08 0.904636 0.370719 0.21024 0.990114 0.129787 -0.0531922 0.984087 0.177689 -2.89492e-08 0.813204 0.474593 0.336838 -0.935154 0.133227 -0.328235 -0.908389 0.182358 -0.376265 -0.707107 -1.19209e-07 -0.707107 -0.849854 0.251058 -0.463377 -0.871586 0.331667 -0.361021 -0.707107 1.21967e-07 -0.707107 -0.755168 0.373874 -0.538461 -0.62102 0.478192 -0.62102 -0.463377 -0.25106 -0.849853 -0.36102 -0.331668 -0.871585 0.427398 -0.127818 0.894982 0.663289 0.127806 0.737369 0.696429 0.173128 0.696429 0.376903 -0.17313 0.909929 0.0566265 0.138167 -0.988789 -0.207926 0.374846 -0.90347 -0.33586 0.479306 -0.810842 0 0.19098 -0.981594 0.0344068 -0.0839515 -0.995876 -0.233971 -0.327349 -0.915478 -0.346548 -0.424177 -0.836647 0 -0.116052 -0.993243 0.924385 0.00321942 -0.381447 0.708073 0.00334944 -0.706131 0.706132 0.00334756 -0.708072 0.923375 0.00321955 -0.383885 0.361021 -0.331666 0.871586 0.707107 9.8105e-08 0.707107 0.707107 3.27826e-07 0.707107 0.463377 -0.251058 0.849854 -0.382682 -2.17247e-06 -0.92388 -0.667083 0.331665 -0.667083 -0.607827 0.251047 -0.75334 -0.382672 -1.10045e-05 -0.923884 0 -0.177677 -0.984089 -0.337831 -0.469749 -0.815601 -0.2126 -0.366491 -0.905807 0.0526724 -0.128519 -0.990307 0 -0.331666 -0.943397 -0.102891 -0.251049 -0.96249 -0.376492 -0.179127 0.908937 -0 0.17408 0.984732 -0.0526752 0.128526 0.990306 -0.329282 -0.130838 0.935123 0.382682 1.71223e-06 -0.92388 0 0.331666 -0.943397 0.102891 0.25105 -0.96249 0.382673 1.10045e-05 -0.923884 -0.621941 -0.475792 0.621941 -0.539776 -0.371773 0.755266 0.667083 -0.331665 -0.667083 0.607827 -0.251047 -0.75334 -0.909929 -0.17313 0.376903 -0.696429 0.173129 0.696429 -0.737369 0.127808 0.663288 -0.894983 -0.127817 0.427398 -0.908402 -0.182279 0.37627 -0.621042 -0.478134 0.621043 -0.75517 -0.373825 0.538492 -0.935153 -0.133169 0.32826 -0.984073 0.177766 -2.89617e-08 -0.813176 0.47465 0.336827 -0.904622 0.370769 0.210212 -0.990106 0.129844 -0.0532154 -0.813176 0.47465 -0.336827 -0.984073 0.177767 -2.89619e-08 -0.990105 0.129845 0.0532161 -0.904622 0.370769 -0.210212 0.871585 0.331668 0.36102 0.849853 0.251059 0.463377 -1 4.02743e-05 -1.65061e-05 -0.923893 4.8466e-05 0.38265 -0.923878 4.89801e-05 0.382687 -1 4.03272e-05 1.65278e-05 0.923274 0.00385092 0.384123 0.999994 0.00321621 0.00131814 0.999994 0.00321603 -0.00131806 0.924482 0.00385024 0.381207 -0.923879 4.03151e-05 -0.382684 -0.923892 4.03523e-05 -0.382653 0.705836 0.0043581 0.708362 0.708363 0.00436108 0.705835 -0.707093 4.8846e-05 -0.707121 -0.707121 4.83394e-05 -0.707093 0.387569 -0.0130425 0.921749 0.71129 -0.0147436 0.702744 0.702733 -0.014779 0.7113 0.377695 -0.0130352 0.925839 -0.382647 5.71981e-05 -0.923895 -0.38269 5.60731e-05 -0.923877 0.00464223 -0.0113267 0.999925 -0.00463368 -0.0113059 0.999925 0.376169 0.917839 -0.126765 0.359098 0.925056 -0.123777 -0.396047 0.917838 0.0268397 -0.379127 0.925057 0.0230649 -0.383919 0.00330871 0.923361 -0.00130199 0.00317697 0.999994 0.00130133 0.00317535 0.999994 -0.381413 0.00330855 0.924399 -0.371362 0.0293501 0.928024 0.0115334 0.0281413 0.999537 -0.0115866 0.028271 0.999533 -0.393593 0.0293611 0.918816 -0.708099 0.00344013 0.706105 -0.706104 0.00344206 0.708099 -0.697858 0.030581 0.715583 -0.715543 0.0304292 0.697905 -0.707123 5.59837e-05 0.70709 -0.70709 5.70118e-05 0.707123 -0.327242 0.135487 0.935177 -0.0507994 -0.123949 0.990987 0 -0.168009 0.985786 -0.376046 0.185412 0.907861 -0.621043 -0.478134 -0.621042 -0.908403 -0.182279 -0.37627 -0.935153 -0.133168 -0.32826 -0.75517 -0.373824 -0.538492 -0.338507 -0.109525 0.934568 -0.0611524 0.14921 0.986913 0 0.201368 0.979516 -0.37834 -0.15021 0.913398 -0.537215 0.375857 0.755071 -0.620147 0.480452 0.620147 -0.551448 -0.352795 0.755937 -0.630053 -0.453946 0.630053 0.894982 -0.127818 -0.427398 0.737369 0.127806 -0.663289 0.696429 0.173127 -0.696429 0.909929 -0.17313 -0.376903 0.935154 -0.133228 -0.328234 0.755167 -0.373876 -0.53846 0.62102 -0.478193 -0.62102 0.908389 -0.18236 -0.376265 -0.990114 -0.129787 -0.0531922 -0.904636 -0.370719 0.21024 -0.813205 -0.474593 0.336838 -0.984087 -0.177688 2.89491e-08 0.904636 0.370719 0.21024 0.990114 0.129787 -0.0531922 0.984087 0.177688 -2.89491e-08 0.813205 0.474592 0.336838 -0.935154 0.133227 -0.328235 -0.908389 0.182357 -0.376265 -0.707107 1.49012e-07 -0.707107 -0.849854 0.251058 -0.463377 -0.871586 0.331666 -0.361021 -0.707107 -8.84872e-09 -0.707107 -0.755168 0.373876 -0.53846 -0.62102 0.478192 -0.62102 -0.463377 -0.251058 -0.849854 -0.361021 -0.331666 -0.871586 -0.427398 0.127818 -0.894982 -0.663289 -0.127806 -0.737369 -0.696429 -0.173128 -0.696429 -0.376903 0.17313 -0.909929 -0.0566254 -0.138164 0.988789 0.207928 -0.374843 0.903471 0.33586 -0.479302 0.810844 0 -0.190976 0.981595 0.0344045 -0.083946 -0.995876 -0.233973 -0.327344 -0.915479 -0.346549 -0.424172 -0.836649 0 -0.116045 -0.993244 0.924385 0.00322092 -0.381446 0.708073 0.00335102 -0.706131 0.708344 0.00335124 -0.70586 0.924523 0.00322093 -0.381112 0.361021 -0.331666 0.871586 0.707107 -1.83898e-06 0.707107 0.707107 -1.43051e-06 0.707106 0.463377 -0.251058 0.849854 -0.382682 -2.04796e-06 -0.92388 -0.667083 0.331665 -0.667083 -0.607827 0.251046 -0.75334 -0.382673 -1.12206e-05 -0.923884 0 -0.17768 -0.984088 -0.337831 -0.469751 -0.815601 -0.2126 -0.366493 -0.905806 0.0526732 -0.128521 -0.990307 0 -0.331665 -0.943397 -0.10289 -0.251049 -0.962491 -0.376492 -0.179127 0.908937 -0 0.17408 0.984731 -0.0526756 0.128527 0.990306 -0.329282 -0.130838 0.935123 0.382682 1.87113e-06 -0.92388 0 0.331665 -0.943397 0.102891 0.25105 -0.96249 0.382672 1.08257e-05 -0.923884 -0.621942 -0.475791 0.621942 -0.539777 -0.371772 0.755266 0.667083 -0.331664 -0.667083 0.607827 -0.251047 -0.75334 0.909929 0.17313 -0.376903 0.696429 -0.173128 -0.696429 0.737369 -0.127806 -0.663289 0.894982 0.127818 -0.427398 -0.908402 -0.182279 0.37627 -0.621042 -0.478135 0.621042 -0.75517 -0.373825 0.538492 -0.935153 -0.133169 0.32826 -0.984073 0.177768 -2.8962e-08 -0.813175 0.474652 0.336826 -0.904622 0.37077 0.210211 -0.990105 0.129845 -0.0532161 -0.813175 0.474651 -0.336826 -0.984073 0.177767 -2.8962e-08 -0.990105 0.129846 0.0532161 -0.904622 0.37077 -0.210211 0.871586 0.331666 0.361021 0.849854 0.251058 0.463377 -1 4.08422e-05 -1.67388e-05 -0.923894 5.00232e-05 0.382649 -0.923893 5.04255e-05 0.38265 -1 4.08612e-05 -2.14161e-05 0.923274 0.00385231 0.384124 0.999994 0.00321764 0.00131872 0.999993 0.0032176 0.00168641 0.923102 0.00385295 0.384536 -0.923879 4.19319e-05 -0.382684 -0.923875 4.15891e-05 -0.382695 0.705836 0.00435783 0.708362 0.705483 0.00435852 0.708713 -0.707092 5.04404e-05 -0.707121 -0.707088 5.04255e-05 -0.707125 0.387568 -0.0130406 0.921749 0.711289 -0.0147416 0.702745 0.712471 -0.0147365 0.701547 0.388948 -0.0130416 0.921167 -0.382647 5.71758e-05 -0.923895 -0.382647 5.72205e-05 -0.923895 0.00464154 -0.011325 0.999925 0.00593725 -0.0113279 0.999918 0.376169 0.917839 -0.126766 0.359097 0.925056 -0.123778 0.444645 0.884931 -0.138523 0.459582 0.876865 -0.141038 -0.383918 0.0033072 0.923361 -0.00130104 0.00317466 0.999994 -0.00166352 0.0031741 0.999994 -0.384273 0.00330679 0.923214 -0.371363 0.0293497 0.928024 0.0115331 0.0281405 0.999537 0.0147385 0.0281206 0.999496 -0.368254 0.0293469 0.929262 -0.708098 0.00343873 0.706105 -0.708376 0.00343834 0.705827 -0.697858 0.0305793 0.715583 -0.695344 0.0305997 0.718025 -0.707123 5.72503e-05 0.70709 -0.707128 5.72354e-05 0.707086 0.461535 -0.880591 0.107452 0.542523 -0.818584 0.188653 0.882505 -0.458944 0.102742 0.859191 -0.508148 0.0598058 -0.542523 0.818584 0.188653 -0.461535 0.88059 0.107453 -0.859191 0.508148 0.0598088 -0.882505 0.458944 0.102743 -0.732351 0.625745 0.268523 -0.932973 0.332359 0.138202 -0.461535 -0.88059 -0.107453 -0.542523 -0.818584 -0.188653 -0.882505 -0.458944 -0.102743 -0.859191 -0.508148 -0.0598062 -0.921929 0.337254 0.190541 -0.980842 0.171009 0.0932997 0.542522 0.818584 -0.188653 0.461535 0.880591 -0.107453 0.859191 0.508148 -0.059808 0.882505 0.458944 -0.102743 -1 2.9621e-07 -1.5525e-07 -1 -5.60946e-08 9.48464e-08 0.732351 0.625745 -0.268524 0.932972 0.332359 -0.138202 -0.92193 -0.337253 -0.190541 -0.980842 -0.171009 -0.0933003 -0.732351 -0.625746 -0.268523 -0.932973 -0.332359 -0.138202 0.921929 -0.337254 0.190541 1 -1.34898e-07 -7.07027e-08 1 -4.9116e-08 -8.30466e-08 0.980842 -0.171008 0.0933006 0.732351 -0.625745 0.268523 0.932972 -0.332359 0.138202 0.92193 0.337253 -0.190542 0.980842 0.171009 -0.0933004 -0.599686 0.795235 0.0893246 -0.662538 0.732639 0.155832 0.805564 0.550937 -0.218025 0.944055 0.29255 -0.152235 0.662538 -0.732639 0.155832 0.599686 -0.795235 0.0893209 -0.662538 -0.732639 -0.155832 -0.599686 -0.795235 -0.0893206 -0.805564 0.550937 0.218025 0.599686 0.795235 -0.0893209 0.662538 0.732639 -0.155834 -0.944055 0.29255 0.152235 -1 3.68359e-07 -2.77779e-07 0.805564 -0.550938 0.218024 -0.944055 -0.292549 -0.152235 1 3.6053e-07 2.71876e-07 -0.805564 -0.550937 -0.218024 0.944055 -0.292548 0.152236 -0.00277824 -0.798423 -0.60209 -0.227837 -0.798426 -0.557321 0.0706582 -0.983731 0.165169 -0.00372889 -0.984988 0.172583 -0.420127 -0.798407 0.431323 -0.227842 -0.798425 0.55732 0.0710099 -0.983729 -0.165029 0.128251 -0.982215 -0.137134 0.223086 -0.798404 -0.559271 -0.0765228 -0.983679 0.162847 -0.5022 -0.791746 0.347755 0.156767 -0.983361 -0.0917941 0.330887 -0.79175 -0.513464 -0.113274 -0.981866 0.152017 0.557321 -0.798425 0.227838 0.597821 -0.792761 0.118914 -0.172482 -0.984415 -0.0343088 -0.165025 -0.983729 -0.0710197 -0.334442 -0.792227 -0.510417 0.110827 -0.981767 0.154437 0.596106 -0.790487 -0.140666 0.5499 -0.798321 -0.245548 -0.173347 -0.983599 0.0498381 -0.172579 -0.984965 0.00775868 0.592634 0.785883 -0.176559 0.57832 0.796976 -0.174283 -0.199096 0.979826 -0.0173805 -0.172508 0.98456 -0.0297254 0.510415 -0.792227 0.334444 -0.155871 -0.981703 -0.109375 0.551385 0.798365 0.242049 0.59875 0.793994 0.105223 -0.172374 0.983799 -0.0492591 -0.171028 0.983687 -0.0557665 0.223085 -0.798403 0.559272 0.330887 -0.79175 0.513464 -0.114664 -0.981916 -0.150641 -0.0761554 -0.983684 -0.162993 0.480856 0.795881 0.3679 -0.18908 0.979059 -0.0754523 -0.00278033 -0.798423 0.602091 -0.00266573 -0.984991 -0.172583 0.499708 -0.79375 -0.346775 -0.167826 -0.98101 0.0972335 -0.25018 -0.864537 0.435874 -0.185433 -0.864715 0.46678 -0.135332 -0.940242 0.312459 -0.172618 -0.951153 0.255953 -0.00599413 -0.861578 0.50759 -0.00469338 -0.932573 0.36095 0.175784 -0.864696 0.470533 0.125765 -0.940317 0.316206 0.266238 -0.866815 0.421603 0.17409 -0.951266 0.254531 -0.00805562 -0.999963 -0.00311764 -0.00805421 -0.999935 -0.00805405 -0.00312898 -0.999995 1.6292e-07 0.0026141 -0.999996 -0.00101158 0.00422697 -0.999982 -0.00422681 0.114517 -0.940282 -0.320554 0.160887 -0.950112 -0.267214 -0.0045279 -0.932574 -0.36095 -0.123652 -0.940322 -0.317024 -0.159742 -0.949997 -0.268307 0.210265 -0.737045 -0.642303 0.302775 -0.808097 -0.505279 -0.00722632 -0.707088 -0.707088 -0.220886 -0.737607 -0.63808 -0.273556 -0.803035 -0.529436 -0.463902 0.85876 -0.217547 -0.473671 0.86462 -0.167537 -0.320368 0.940287 -0.115003 -0.290484 0.947127 -0.136272 -0.50463 0.856554 -0.107998 -0.359647 0.929236 -0.0847007 -0.507496 0.861419 0.0201066 -0.501623 0.860468 0.089274 -0.347335 0.936798 0.0420441 -0.360943 0.932585 0.00243587 -0.499142 0.848788 0.174403 -0.334002 0.938379 0.0888127 -0.00391936 0.999941 0.0101261 -0.0283714 0.999195 0.0283713 0 0.999846 -0.0175603 -0.0306816 0.996381 -0.0792712 0 0.998077 -0.061982 -0.0769204 0.994066 -0.0769205 0.313021 0.94026 0.133902 0.227269 0.952656 0.201978 0.360565 0.931609 0.0458065 0.294858 0.938617 -0.179046 0.357401 0.923435 -0.139758 0.187914 0.952134 -0.241099 0.636936 0.737741 0.223721 0.466296 0.813614 0.347275 0.703795 0.703795 0.0966665 0.651902 0.735343 -0.185185 0.692323 0.692323 -0.203416 -0.281386 -0.936065 0.211199 -0.192408 -0.952341 0.236698 -0.417182 -0.816438 0.399234 -0.567899 -0.734913 0.370666 0.245415 -0.863789 -0.440046 0.179124 -0.864713 -0.46924 0.129532 -0.9403 -0.314733 0.168509 -0.950816 -0.259909 -0.00128909 -0.861593 -0.507598 -0.00208486 -0.932582 -0.360953 -0.182137 -0.864719 -0.468068 -0.131584 -0.940283 -0.313933 -0.270854 -0.867388 -0.417463 -0.178093 -0.951553 -0.250658 0.00261988 -0.999996 0.00101415 0.00423158 -0.999982 0.00423174 -0.00313722 -0.999995 1.6292e-07 -0.00806423 -0.999963 0.0031213 -0.00805234 -0.999935 0.0080525 -0.120285 -0.940318 0.318329 -0.00217954 -0.932581 0.360953 0.117894 -0.940308 0.319254 0.155644 -0.949566 0.272212 -0.216515 -0.737387 0.63983 0.000140712 -0.707107 0.707107 0.21483 -0.737298 0.6405 0.268853 -0.802106 0.533239 -0.440041 -0.863792 -0.245413 -0.469215 -0.864726 -0.179127 -0.314734 -0.9403 -0.129527 -0.259902 -0.950817 -0.168516 -0.505626 -0.858244 -0.0880844 -0.360109 -0.930432 -0.0679576 -0.506856 -0.860332 0.0540839 -0.479762 -0.864249 0.151335 -0.324717 -0.940117 0.103628 -0.360678 -0.931902 0.038326 -0.436385 -0.864449 0.249591 -0.268129 -0.950016 0.159929 0.00101281 -0.999996 -0.00261661 0.00423376 -0.999982 -0.0042336 0 -1 0.000273776 -0.00693328 -0.999815 -0.0179131 0 -0.999682 -0.0252226 -0.00922412 -0.999915 -0.00922396 0.318329 -0.940318 0.120286 0.263392 -0.950494 0.164881 0.360158 -0.930558 0.0659368 0.308584 -0.94006 -0.14513 0.359322 -0.928399 -0.0946739 0.254485 -0.951269 -0.174138 0.639833 -0.737386 0.216507 0.501417 -0.80878 0.307337 0.701917 -0.701917 0.120935 0.628607 -0.738495 -0.24388 0.698474 -0.698474 -0.155779 0.515531 -0.806111 -0.290537 -0.238565 0.970836 0.023746 0.803749 -0.526305 0.277472 0.950422 -0.264131 0.16411 0.940315 -0.315891 0.126574 0.737714 -0.637167 0.22315 1 -1.60207e-07 -1.60207e-07 1 -3.19093e-07 -8.24455e-07 0.950898 0.258983 -0.169473 0.940321 0.317275 -0.123014 0.809472 0.497248 -0.31225 0.7375 0.638947 -0.218725 0.930417 -0.360115 0.0681273 0.701295 -0.701295 0.127947 1 1.11074e-13 6.81767e-07 0.930571 0.360175 -0.0656544 0.701957 0.701957 -0.120469 -0.701957 0.701957 0.120469 -0.930571 0.360175 0.0656592 -0.940321 0.317276 0.123013 -0.7375 0.638947 0.218724 -1 1.18869e-13 7.29611e-07 -1 1.85907e-07 -4.80337e-07 -0.930417 -0.360115 -0.0681325 -0.940315 -0.31589 -0.126576 -0.701295 -0.701295 -0.127946 -0.737714 -0.637168 -0.223147 -0.950898 0.258985 0.16947 -0.809465 0.497259 0.312249 -1 -1.81964e-07 1.81964e-07 -0.950423 -0.26413 -0.164111 -0.803745 -0.526306 -0.277481 -0.707092 4.99636e-05 -0.707121 -0.923879 4.08068e-05 -0.382684 -0.923892 4.07696e-05 -0.382653 -0.707121 5.00232e-05 -0.707092 -0.708098 0.003437 0.706106 -0.383918 0.00330686 0.923361 -0.381414 0.0033071 0.924399 -0.706105 0.00343972 0.708099 0.705835 0.00436006 0.708362 0.923274 0.0038527 0.384124 0.924482 0.00385205 0.381206 0.708363 0.00436313 0.705834 0.999994 0.0032176 0.00131871 0.924385 0.00321969 -0.381447 0.923375 0.00321986 -0.383885 0.999994 0.0032171 -0.0013185 -0.371363 0.029349 0.928024 0.0115331 0.0281406 0.999537 -0.0115866 0.028271 0.999533 -0.393593 0.0293599 0.918816 -1 4.17481e-05 -1.71102e-05 -1 4.21234e-05 1.72639e-05 -0.00130137 0.00317547 0.999994 0.00130069 0.0031738 0.999994 0.376169 0.917839 -0.126765 0.359097 0.925056 -0.123778 -0.396047 0.917838 0.0268383 -0.379127 0.925057 0.0230643 -0.923894 5.05373e-05 0.382649 -0.923878 5.05075e-05 0.382687 0.00464154 -0.011325 0.999925 0.387569 -0.0130422 0.921749 0.377694 -0.0130353 0.925839 -0.00463332 -0.011305 0.999925 0.708073 0.00335014 -0.706131 0.706131 0.00334913 -0.708073 -0.382647 5.50896e-05 -0.923894 -0.38269 5.60954e-05 -0.923877 -0.707123 5.72503e-05 0.70709 -0.70709 5.72503e-05 0.707123 0.71129 -0.0147438 0.702744 0.702733 -0.0147793 0.7113 -0.697858 0.0305811 0.715583 -0.715543 0.0304286 0.697906 0.984087 0.177689 -2.89493e-08 0.990114 0.129787 -0.0531924 0.935154 -0.133226 -0.328235 0.908389 -0.182358 -0.376265 0.755168 -0.373874 -0.538461 0.621021 -0.478191 -0.621021 -0.630053 -0.453946 0.630053 -0.551448 -0.352794 0.755937 -0.338506 -0.109525 0.934568 -0.37834 -0.150211 0.913398 -0.0611523 0.14921 0.986913 0 0.201367 0.979516 0 0.11605 0.993243 -0.0344059 0.0839494 0.995876 0.233972 0.327346 0.915479 0.346549 0.424175 0.836648 0.376903 -0.173129 0.909929 0.427398 -0.127817 0.894982 0.663289 0.127806 0.737369 0.696429 0.173128 0.696429 -0.621021 0.478191 -0.621021 -0.755168 0.373874 -0.538461 -0.935154 0.133226 -0.328235 -0.908389 0.182357 -0.376265 -0.990114 -0.129788 -0.0531924 -0.984087 -0.17769 2.89493e-08 -0.904636 -0.370719 0.21024 -0.813204 -0.474593 0.336838 -0.909929 0.17313 0.376903 -0.894982 0.127818 0.427398 -0.737369 -0.127806 0.663289 -0.696429 -0.173128 0.696429 -0.620148 0.480452 0.620147 -0.537215 0.375857 0.755071 -0.327242 0.135486 0.935177 -0.376046 0.185412 0.907861 -0.0507993 -0.123948 0.990988 0 -0.168008 0.985786 0 -0.190977 0.981595 -0.0566258 -0.138165 0.988789 0.207927 -0.374844 0.90347 0.33586 -0.479303 0.810843 -0.36102 -0.331667 -0.871585 -0.463377 -0.251059 -0.849854 -0.707107 -7.15256e-07 -0.707106 -0.707107 -1.12626e-06 -0.707107 -0.849854 0.251058 -0.463377 -0.871586 0.331666 -0.361021 0.813204 0.474594 0.336838 0.904636 0.37072 0.210239 </float_array>
          <technique_common>
            <accessor count="1142" offset="0" source="#meshId0-bitangents-array" stride="3">
              <param name="X" type="float" />
              <param name="Y" type="float" />
              <param name="Z" type="float" />
            </accessor>
          </technique_common>
        </source>
        <source id="meshId0-tex0" name="meshId0-tex0">
          <float_array id="meshId0-tex0-array" count="2284"> 0.741304 0.119298 0.786401 0.115664 0.79117 0.341675 0.746073 0.34531 0.494936 0.428458 0.485408 0.476357 0.435342 0.476357 0.448681 0.409299 0.729912 0.387426 0.702779 0.428032 0.656524 0.408873 0.69451 0.352024 0.270539 0.349392 0.270539 0.575453 0.221703 0.575436 0.221703 0.349375 0.494936 0.524255 0.448681 0.543415 0.693252 0.475931 0.643186 0.475931 0.176628 0.572723 0.176628 0.346661 0.650666 0.121339 0.605594 0.121641 0.599824 0.0758597 0.634377 0.0756282 0.0807638 0.346661 0.0807638 0.575086 0.0355975 0.575385 0.0355975 0.346959 0.522068 0.564862 0.486666 0.600264 0.174673 0.346965 0.174673 0.57539 0.1296 0.575088 0.1296 0.346663 0.702779 0.523829 0.656524 0.542988 0.00097785 0.575938 0.000977865 0.347512 0.520356 0.121765 0.554802 0.121209 0.554802 0.349634 0.520356 0.35019 0.475284 0.122067 0.475284 0.350492 0.729912 0.564435 0.69451 0.599837 0.426447 0.122069 0.426447 0.350494 0.381281 0.350196 0.381281 0.121771 0.561444 0.701708 0.556757 0.473331 0.591381 0.473174 0.596067 0.701551 0.346661 0.121218 0.346661 0.349643 0.739348 0.0363798 0.712216 0.0769862 0.665961 0.0578268 0.703946 0.00097785 0.650666 0.349764 0.605594 0.350066 0.556757 0.350068 0.556757 0.121643 0.636544 0.472546 0.64123 0.700923 0.702688 0.124885 0.652622 0.124885 0.762577 0.840721 0.784449 0.840651 0.784667 0.909022 0.762795 0.909092 0.762795 0.777619 0.784667 0.777548 0.808259 0.840736 0.786623 0.841365 0.788586 0.778177 0.810223 0.777548 0.810223 0.909079 0.788586 0.909708 0.524024 0.534253 0.545632 0.535536 0.545632 0.598878 0.524024 0.597595 0.524024 0.483923 0.545896 0.484069 0.546351 0.532297 0.524479 0.532151 0.524024 0.42082 0.545896 0.420967 0.524479 0.35245 0.546351 0.352597 0.924767 0.772221 0.946637 0.771988 0.946895 0.835221 0.925024 0.835455 0.925024 0.723748 0.946895 0.723515 0.890543 0.0693489 0.912415 0.0694197 0.912634 0.132522 0.890762 0.132451 0.890762 0.00097785 0.912634 0.00104864 0.924767 0.886117 0.946637 0.885884 0.946895 0.949117 0.925024 0.949351 0.925024 0.837644 0.946895 0.837411 0.924767 0.672853 0.946637 0.673086 0.946895 0.721559 0.925024 0.721326 0.925024 0.609619 0.946895 0.609852 0.522068 0.387852 0.486666 0.35245 0.406254 0.524255 0.433387 0.564862 0.397985 0.600264 0.36 0.543415 0.396727 0.476357 0.346661 0.476357 0.406254 0.428458 0.36 0.409299 0.433387 0.387852 0.397985 0.35245 0.207027 0.344705 0.138656 0.344705 0.0754886 0.318541 0.0271426 0.270195 0.00097785 0.207027 0.00097785 0.138656 0.0271425 0.0754886 0.0754885 0.0271426 0.138656 0.00097785 0.207027 0.00097785 0.270194 0.0271425 0.318541 0.0754885 0.344705 0.138656 0.344705 0.207027 0.318541 0.270195 0.270194 0.318541 0.712216 0.172783 0.739348 0.21339 0.703946 0.248791 0.665961 0.191943 0.12383 0.620869 0.158384 0.621101 0.158384 0.695751 0.12383 0.69552 0.504067 0.0760545 0.530474 0.0756282 0.0863902 0.620868 0.606607 0.42714 0.64123 0.426658 0.432073 0.0762875 0.469513 0.076286 0.22747 0.616155 0.192915 0.614075 0.0517644 0.621097 0.025224 0.621521 0.370907 0.0756346 0.397448 0.0760588 0.756597 0.0776256 0.79117 0.0748394 0.562384 0.0758612 0.580063 0.427261 0.26491 0.616168 0.397448 0.0014084 0.432073 0.00163711 0.0863902 0.695518 0.0517644 0.695747 0.469513 0.00163562 0.025224 0.696171 0.504067 0.00140411 0.578532 0.352626 0.605075 0.352505 0.530474 0.00097785 0.639699 0.352024 0.755039 0.0037641 0.789612 0.00097785 0.562384 0.00121085 0.599824 0.00120936 0.26491 0.690046 0.22747 0.690033 0.634377 0.00097785 0.192915 0.687953 0.370907 0.000984296 0.94885 0.925021 0.94897 0.887581 0.973652 0.883231 0.973503 0.929644 0.121143 0.830299 0.120858 0.787464 0.14625 0.782922 0.14648 0.817475 0.942735 0.0475962 0.94381 0.0850205 0.915922 0.0902654 0.914589 0.0438717 0.94897 0.959575 0.973652 0.97248 0.94381 0.0129951 0.915922 0.00097785 0.998888 0.614106 0.998888 0.651545 0.976332 0.656032 0.976332 0.609619 0.865601 0.791127 0.865831 0.756573 0.890554 0.743747 0.890269 0.786582 0.695047 0.848136 0.694817 0.882762 0.670094 0.89549 0.67038 0.852565 0.865831 0.863192 0.865601 0.828566 0.890269 0.832995 0.890554 0.87592 0.695047 0.810697 0.67038 0.806152 0.612012 0.883313 0.619316 0.920034 0.598069 0.928834 0.589015 0.883313 0.694817 0.776143 0.670094 0.763317 0.619316 0.846593 0.598069 0.837792 0.88509 0.956433 0.88509 0.993873 0.862534 0.998359 0.862534 0.951946 0.616391 0.978308 0.616391 0.943682 0.641029 0.93079 0.641029 0.973715 0.556757 0.976551 0.556757 0.941866 0.584999 0.93079 0.584999 0.973788 0.565812 0.928834 0.556757 0.883313 0.579755 0.883313 0.587059 0.920034 0.459261 0.841606 0.468315 0.796085 0.489562 0.804886 0.482258 0.841606 0.372082 0.949479 0.372082 0.992405 0.346661 0.979844 0.346661 0.945217 0.468315 0.887127 0.489562 0.878327 0.94885 0.747236 0.948999 0.700823 0.974376 0.705335 0.974257 0.742775 0.890543 0.179999 0.899598 0.134478 0.920845 0.143278 0.913541 0.179999 0.948999 0.790071 0.974376 0.777329 0.899598 0.22552 0.920845 0.216719 0.975607 0.886809 0.975607 0.840396 0.998163 0.844882 0.998163 0.882322 0.148436 0.740962 0.148721 0.698127 0.174058 0.71095 0.173828 0.745504 0.120858 0.741051 0.121143 0.698127 0.14648 0.710856 0.14625 0.745482 0.148721 0.830299 0.148436 0.787375 0.173828 0.782944 0.174058 0.81757 0.565812 0.837792 0.587059 0.846593 0.557043 0.835836 0.556757 0.793001 0.58215 0.788459 0.58238 0.823013 0.0810175 0.73268 0.081358 0.698127 0.118902 0.698245 0.118562 0.732798 0.129913 0.923297 0.120858 0.877776 0.143855 0.877776 0.151159 0.914496 0.176628 0.872757 0.185683 0.827236 0.20693 0.836037 0.199626 0.872757 0.589015 0.973715 0.589015 0.93079 0.614436 0.943351 0.614436 0.977977 0.185683 0.918278 0.20693 0.909478 0.945766 0.0473904 0.945914 0.00097785 0.971292 0.00548982 0.971172 0.0429293 0.427003 0.841606 0.436058 0.796085 0.457305 0.804886 0.450001 0.841606 0.945914 0.0902262 0.971292 0.0774836 0.436058 0.887127 0.457305 0.878327 0.998163 0.888764 0.998163 0.935177 0.975607 0.930691 0.975607 0.893251 0.838023 0.786582 0.838308 0.743747 0.863645 0.756571 0.863415 0.791125 0.556757 0.746589 0.557043 0.703664 0.58238 0.716394 0.58215 0.751019 0.838309 0.87592 0.838023 0.832995 0.863415 0.828564 0.863645 0.86319 0.129913 0.832255 0.151159 0.841055 0.731867 0.67719 0.732097 0.642565 0.769642 0.642566 0.769412 0.677192 0.0810175 0.804745 0.080898 0.770119 0.118442 0.770237 0.118562 0.804864 0.731867 0.71463 0.769412 0.714632 0.0813579 0.831287 0.118902 0.831405 0.732097 0.749184 0.769642 0.749185 0.643186 0.924389 0.643327 0.897846 0.680869 0.897445 0.680728 0.923989 0.732523 0.775591 0.770067 0.775593 0.643327 0.959016 0.680869 0.958615 0.241143 0.920536 0.275767 0.918479 0.275767 0.955635 0.241143 0.957692 0.346661 0.908586 0.346781 0.871146 0.384325 0.871268 0.384205 0.908707 0.689762 0.285348 0.690838 0.322773 0.653697 0.323852 0.652622 0.286428 0.346781 0.94314 0.384325 0.943262 0.690838 0.250747 0.653697 0.251827 0.732523 0.616024 0.770067 0.616026 0.94885 0.833817 0.94897 0.796377 0.973652 0.792027 0.973503 0.83844 0.312936 0.876962 0.312651 0.834126 0.338043 0.829584 0.338273 0.864138 0.944271 0.53277 0.945347 0.570194 0.917459 0.575439 0.916126 0.529046 0.94897 0.868371 0.973652 0.881275 0.945347 0.498169 0.917459 0.486152 0.976332 0.748283 0.976332 0.710843 0.998888 0.706356 0.998888 0.752769 0.668139 0.84811 0.667908 0.882664 0.643186 0.89549 0.643471 0.852654 0.863635 0.0483311 0.863865 0.0137054 0.888588 0.00097785 0.888302 0.0439023 0.667908 0.776045 0.668139 0.810671 0.643471 0.806242 0.643186 0.763317 0.863635 0.0857708 0.888302 0.0903151 0.0961924 0.878882 0.103497 0.915603 0.0822498 0.924403 0.0731951 0.878882 0.863865 0.120325 0.888588 0.13315 0.103497 0.842162 0.0822498 0.833361 0.998888 0.662474 0.998888 0.699914 0.976332 0.704401 0.976332 0.657988 0.0936301 0.973877 0.0936302 0.93925 0.118268 0.926359 0.118268 0.969284 0.0292197 0.926359 0.0292197 0.961044 0.00097791 0.97212 0.00097785 0.929122 0.176748 0.726555 0.177088 0.692002 0.214633 0.69212 0.214292 0.726673 0.21794 0.918278 0.208886 0.872757 0.231883 0.872757 0.239187 0.909478 0.851612 0.531673 0.860667 0.486152 0.881913 0.494953 0.874609 0.531673 0.965837 0.444092 0.965837 0.401167 0.991258 0.413728 0.991258 0.448354 0.860667 0.577194 0.881913 0.568393 0.94885 0.656032 0.948999 0.609619 0.974376 0.614131 0.974257 0.651571 0.491518 0.841606 0.500573 0.796085 0.521819 0.804886 0.514515 0.841606 0.948999 0.698867 0.974376 0.686125 0.500573 0.887127 0.521819 0.878327 0.400631 0.99163 0.400631 0.945217 0.423186 0.949704 0.423186 0.987144 0.851612 0.394859 0.851897 0.352024 0.877234 0.364847 0.877004 0.399401 0.312651 0.787714 0.312936 0.744789 0.338273 0.757519 0.338043 0.792145 0.851897 0.484196 0.851612 0.441272 0.877004 0.436841 0.877234 0.471467 0.21794 0.827236 0.239187 0.836037 0.683341 0.662959 0.683571 0.628334 0.721116 0.628335 0.720886 0.662961 0.176748 0.79862 0.176628 0.763994 0.214173 0.764112 0.214292 0.798739 0.683341 0.700399 0.720886 0.7004 0.177088 0.825162 0.214633 0.82528 0.683571 0.734953 0.721116 0.734954 0.466642 0.916027 0.466783 0.889484 0.504326 0.889083 0.504185 0.915627 0.683997 0.76136 0.721541 0.761361 0.466783 0.950654 0.504326 0.950253 0.176628 0.92229 0.211253 0.920234 0.211253 0.95739 0.176628 0.959446 0.838023 0.915315 0.838143 0.877875 0.875687 0.877997 0.875568 0.915436 0.830267 0.306806 0.831342 0.34423 0.794201 0.34531 0.793126 0.307885 0.838143 0.949869 0.875687 0.949991 0.831342 0.272205 0.794201 0.273284 0.683997 0.601793 0.721541 0.601795 0.953977 0.269265 0.954096 0.231825 0.978778 0.227475 0.978629 0.273888 0.612198 0.835836 0.611913 0.793001 0.637305 0.788459 0.637535 0.823013 0.950946 0.274094 0.952021 0.311518 0.924133 0.316763 0.922801 0.270369 0.954096 0.303819 0.978778 0.316724 0.952021 0.239493 0.924133 0.227475 0.99734 0.490638 0.99734 0.528078 0.974784 0.532565 0.974784 0.486152 0.865601 0.656999 0.865831 0.622445 0.890554 0.609619 0.890269 0.652454 0.863635 0.182459 0.863865 0.147833 0.888588 0.135106 0.888302 0.17803 0.865831 0.729064 0.865601 0.694438 0.890269 0.698867 0.890554 0.741791 0.863635 0.219899 0.888302 0.224443 0.0239752 0.878882 0.0312793 0.915603 0.0100326 0.924403 0.00097785 0.878882 0.863865 0.254453 0.888588 0.267278 0.0312793 0.842162 0.0100326 0.833361 0.998163 0.941619 0.998163 0.979059 0.975607 0.983546 0.975607 0.937133 0.997885 0.0504516 0.997885 0.0850781 0.973248 0.0979697 0.973247 0.0550443 0.120858 0.971014 0.120858 0.936328 0.1491 0.925253 0.1491 0.968251 0.216708 0.726555 0.217048 0.692002 0.254593 0.69212 0.254253 0.726673 0.901564 0.793659 0.89251 0.748138 0.915507 0.748138 0.922811 0.784859 0.890543 0.272997 0.899598 0.227475 0.920845 0.236276 0.913541 0.272997 0.991258 0.356286 0.991258 0.399211 0.965837 0.38665 0.965837 0.352024 0.899598 0.318518 0.920845 0.309717 0.938355 0.398436 0.938503 0.352024 0.963881 0.356536 0.963762 0.393975 0.89251 0.65514 0.901564 0.609619 0.922811 0.61842 0.915507 0.65514 0.938504 0.441272 0.963881 0.428529 0.901564 0.700661 0.922811 0.691861 0.924339 0.997719 0.924339 0.951306 0.946895 0.955793 0.946895 0.993233 0.609957 0.793001 0.609672 0.835836 0.584335 0.823013 0.584565 0.788459 0.611913 0.746589 0.612198 0.703664 0.637535 0.716394 0.637305 0.751019 0.609672 0.703664 0.609957 0.746589 0.584565 0.751019 0.584335 0.716394 0.901564 0.702617 0.922811 0.711418 0.272495 0.671827 0.272725 0.637202 0.31027 0.637203 0.31004 0.671829 0.216708 0.79862 0.216589 0.763994 0.254133 0.764112 0.254253 0.798739 0.272495 0.709267 0.31004 0.709269 0.217049 0.825162 0.254593 0.82528 0.272725 0.743821 0.31027 0.743822 0.506281 0.916027 0.506422 0.889484 0.543965 0.889083 0.543824 0.915627 0.27315 0.770228 0.310695 0.77023 0.506422 0.950654 0.543965 0.950253 0.731867 0.913733 0.766492 0.911676 0.766492 0.948833 0.731867 0.950889 0.833298 0.309644 0.833417 0.272205 0.870962 0.272326 0.870842 0.309766 0.729934 0.285348 0.731009 0.322773 0.693869 0.323852 0.692793 0.286428 0.833417 0.344198 0.870962 0.34432 0.731009 0.250747 0.693869 0.251827 0.27315 0.610661 0.310695 0.610663 0.89251 0.930402 0.892629 0.892963 0.917311 0.888613 0.917162 0.935025 0.838309 0.741791 0.838023 0.698956 0.863415 0.694414 0.863645 0.728968 0.269288 0.873855 0.270363 0.911279 0.242476 0.916524 0.241143 0.87013 0.892629 0.964957 0.917311 0.977861 0.270363 0.839253 0.242476 0.827236 0.998163 0.796514 0.998163 0.833953 0.975607 0.83844 0.975607 0.792027 0.731867 0.824928 0.732097 0.790374 0.75682 0.777548 0.756535 0.820383 0.697003 0.81067 0.697233 0.776045 0.721955 0.763317 0.72167 0.806242 0.732097 0.896993 0.731867 0.862367 0.756535 0.866796 0.75682 0.909721 0.697003 0.84811 0.72167 0.852654 0.915507 0.841136 0.922811 0.877856 0.901564 0.886657 0.89251 0.841136 0.697233 0.882664 0.721955 0.89549 0.922811 0.804416 0.901564 0.795615 0.838023 0.993873 0.838023 0.956433 0.860579 0.951946 0.860579 0.998359 0.973247 0.0484959 0.973248 0.0138693 0.997885 0.00097785 0.997885 0.0439033 0.0634326 0.97212 0.0634326 0.937435 0.0916744 0.926359 0.0916744 0.969357 0.0410574 0.73268 0.0413979 0.698127 0.0789423 0.698245 0.0786017 0.732798 0.0499926 0.924403 0.0409379 0.878882 0.0639353 0.878882 0.0712394 0.915603 0.523775 0.841606 0.53283 0.796085 0.554077 0.804886 0.546772 0.841606 0.23863 0.924496 0.23863 0.967422 0.213208 0.954861 0.213209 0.920234 0.53283 0.887127 0.554077 0.878327 0.947302 0.532564 0.947451 0.486152 0.972828 0.490664 0.972709 0.528103 0.883869 0.531673 0.892924 0.486152 0.914171 0.494953 0.906866 0.531673 0.947451 0.5754 0.972828 0.562658 0.892924 0.577194 0.914171 0.568393 0.173611 0.925253 0.173611 0.971666 0.151056 0.967179 0.151056 0.929739 0.338273 0.699998 0.337988 0.742834 0.312651 0.73001 0.312881 0.695456 0.838023 0.652544 0.838308 0.609619 0.863645 0.622349 0.863415 0.656974 0.337988 0.610661 0.338273 0.653586 0.312881 0.658017 0.312651 0.623391 0.0499926 0.833361 0.0712394 0.842162 0.772023 0.67719 0.772253 0.642565 0.809798 0.642566 0.809568 0.677192 0.0410575 0.804745 0.0409379 0.770119 0.0784823 0.770237 0.0786018 0.804864 0.772023 0.71463 0.809567 0.714632 0.0413979 0.831287 0.0789423 0.831405 0.772253 0.749184 0.809798 0.749185 0.682825 0.924389 0.682966 0.897846 0.720508 0.897445 0.720367 0.923989 0.772678 0.775591 0.810223 0.775593 0.682965 0.959016 0.720508 0.958615 0.914589 0.0942773 0.949214 0.0922211 0.949214 0.129377 0.914589 0.131433 0.300609 0.916357 0.300728 0.878917 0.338273 0.879039 0.338153 0.916478 0.383801 0.830686 0.384876 0.868111 0.347736 0.86919 0.346661 0.831766 0.300728 0.950911 0.338273 0.951033 0.384876 0.796085 0.347736 0.797165 0.772678 0.616024 0.810223 0.616026 0.540527 0.79413 0.503806 0.786825 0.514822 0.76023 0.540527 0.765343 0.405896 0.609524 0.442616 0.602219 0.442616 0.631006 0.416912 0.636119 0.374765 0.630324 0.395121 0.650679 0.442616 0.79413 0.405896 0.786825 0.416912 0.76023 0.442616 0.765343 0.353965 0.661454 0.38056 0.67247 0.503806 0.609524 0.540527 0.602219 0.540527 0.631006 0.514822 0.636119 0.346661 0.698174 0.375447 0.698174 0.472676 0.630324 0.493031 0.650679 0.353965 0.734895 0.38056 0.723879 0.374765 0.766025 0.395121 0.74567 0.451876 0.734895 0.444572 0.698174 0.473358 0.698174 0.478471 0.723879 0.472676 0.766025 0.493031 0.74567 0.451876 0.661454 0.478471 0.67247 0.442616 0.65018 0.424249 0.653834 0.50659 0.664237 0.496186 0.679808 0.52216 0.742515 0.540527 0.746169 0.424249 0.742515 0.442616 0.746169 0.408679 0.664237 0.540527 0.65018 0.52216 0.653834 0.398275 0.679808 0.394622 0.698174 0.50659 0.732112 0.398275 0.716541 0.492532 0.698174 0.408679 0.732112 0.496186 0.716541 0.308504 0.608705 0.289778 0.608705 0.296707 0.403426 0.301733 0.403426 0.79847 0.613953 0.781187 0.614069 0.774259 0.408789 0.778898 0.408758 0.325823 0.60859 0.306382 0.403395 0.811679 0.613741 0.782444 0.408701 0.339098 0.608378 0.309945 0.403338 0.811853 0.263023 0.793126 0.263023 0.799897 0.0577429 0.804924 0.0577429 0.272495 0.60859 0.292068 0.403395 0.861679 0.263052 0.844366 0.263508 0.857032 0.0577834 0.861679 0.057661 0.818758 0.610791 0.836068 0.609619 0.81828 0.808161 0.813634 0.808475 0.829135 0.262907 0.809563 0.057712 0.830932 0.352805 0.849656 0.35253 0.845855 0.550244 0.840829 0.550318 0.745142 0.613953 0.731867 0.613741 0.761021 0.408701 0.764584 0.408758 0.813634 0.352024 0.836186 0.550108 0.762461 0.614069 0.769233 0.408789 0.831091 0.263733 0.853469 0.0578437 0.319349 0.384631 0.311518 0.387659 0.314116 0.377711 0.322818 0.376109 0.30329 0.388592 0.304594 0.378216 0.294718 0.387712 0.294416 0.377775 0.285749 0.384738 0.283418 0.376235 0.314881 0.3677 0.323865 0.367561 0.304962 0.367763 0.294306 0.367766 0.282714 0.367692 0.314115 0.357638 0.322817 0.35899 0.304593 0.35725 0.294415 0.357701 0.283417 0.359116 0.311517 0.347512 0.319348 0.350394 0.303289 0.346661 0.294717 0.347566 0.285747 0.350501 0.830169 0.570172 0.839097 0.567294 0.838958 0.578115 0.827974 0.579178 0.847653 0.56617 0.849127 0.577483 0.815325 0.824413 0.823557 0.824864 0.826245 0.835578 0.816724 0.835736 0.831406 0.827066 0.834948 0.835844 0.839001 0.588302 0.8274 0.587809 0.849656 0.588122 0.827095 0.845733 0.817182 0.846378 0.836068 0.844407 0.839256 0.597979 0.828228 0.596117 0.849439 0.59823 0.82641 0.855443 0.816897 0.856484 0.835089 0.852785 0.839693 0.607021 0.830678 0.604051 0.848275 0.607663 0.823887 0.864594 0.81567 0.86591 0.79533 0.362862 0.787549 0.364479 0.785219 0.355864 0.789768 0.352784 0.785217 0.390101 0.776248 0.393076 0.77655 0.383137 0.787548 0.381598 0.767676 0.393955 0.766372 0.383579 0.759448 0.393022 0.75685 0.383075 0.751617 0.389994 0.748149 0.381472 0.776661 0.373129 0.788253 0.373055 0.766004 0.373127 0.756085 0.373063 0.747101 0.372924 0.776551 0.363064 0.766373 0.362613 0.756851 0.363001 0.748149 0.364353 0.77625 0.352929 0.767678 0.352024 0.75945 0.352875 0.751619 0.355757 0.815882 0.039055 0.806912 0.0420295 0.807215 0.0320917 0.818213 0.0305517 0.79834 0.0429095 0.797037 0.0325331 0.859634 0.0428868 0.85138 0.042225 0.848456 0.0323688 0.857989 0.0325591 0.843453 0.0394568 0.839706 0.031054 0.807325 0.0220832 0.818917 0.0220093 0.796668 0.0220805 0.84736 0.0223885 0.857276 0.0221245 0.838377 0.0225452 0.807216 0.0120184 0.818213 0.0134333 0.797037 0.0115674 0.847795 0.0123066 0.857299 0.0116048 0.839142 0.0139446 0.806914 0.00188301 0.815883 0.00481811 0.798342 0.00097785 0.850058 0.00210061 0.858253 0.00097785 0.842326 0.00523863 0.821839 0.807619 0.156963 0.914237 0.154008 0.905676 0.164046 0.907154 0.165523 0.917192 0.153115 0.897116 0.163599 0.897116 0.154008 0.888556 0.164046 0.887078 0.156963 0.879995 0.165523 0.87704 0.174084 0.9076 0.174084 0.918085 0.174084 0.897116 0.174084 0.886632 0.174084 0.876147 0.174084 0.832255 0.174084 0.842739 0.164046 0.843185 0.165523 0.833147 0.174084 0.853223 0.163599 0.853223 0.174084 0.863708 0.164046 0.863261 0.174084 0.874192 0.165523 0.873299 0.154008 0.844663 0.156963 0.836103 0.153115 0.853223 0.154008 0.861784 0.156963 0.870344 0.643416 0.734953 0.643186 0.700399 0.68073 0.7004 0.68096 0.734954 0.3864 0.94314 0.386281 0.908586 0.423825 0.908707 0.423945 0.943261 0.00143777 0.831287 0.0010974 0.804745 0.0386418 0.804864 0.0389822 0.831405 0.00097785 0.770119 0.0010974 0.73268 0.0386418 0.732798 0.0385222 0.770237 0.423973 0.830686 0.425048 0.868111 0.387907 0.869191 0.386832 0.831766 0.643186 0.662959 0.68073 0.662961 0.3864 0.871146 0.423945 0.871268 0.786623 0.91372 0.821247 0.911664 0.821247 0.94882 0.786623 0.950876 0.643416 0.628334 0.680961 0.628335 0.427144 0.950654 0.427003 0.916027 0.464546 0.915627 0.464687 0.950253 0.0014378 0.698127 0.0389822 0.698245 0.643841 0.76136 0.681386 0.761361 0.643841 0.601793 0.681386 0.601795 0.427144 0.889484 0.464687 0.889083 0.425048 0.796085 0.387907 0.797165 0.297163 0.861433 0.272495 0.857004 0.272495 0.819565 0.297163 0.81502 0.272725 0.785011 0.297448 0.772185 0.924133 0.134478 0.952021 0.146495 0.950946 0.181096 0.922801 0.177371 0.952021 0.21852 0.924133 0.223765 0.033235 0.929122 0.0614769 0.926359 0.0614769 0.961044 0.033235 0.97212 0.974784 0.53452 0.99734 0.539007 0.99734 0.576447 0.974784 0.580933 0.904142 0.484196 0.87942 0.47137 0.87919 0.436817 0.903857 0.441361 0.87919 0.399377 0.903857 0.394948 0.87942 0.364751 0.904142 0.352024 0.449559 0.999022 0.427003 0.994536 0.427003 0.957096 0.449559 0.952609 0.978778 0.223726 0.954096 0.210821 0.953977 0.176267 0.978629 0.18089 0.954096 0.138827 0.978778 0.134478 0.398675 0.988143 0.374038 0.992735 0.374037 0.958109 0.398675 0.945217 0.915153 0.352024 0.936399 0.360824 0.929095 0.397545 0.906098 0.397545 0.936399 0.434265 0.915153 0.443066 0.297448 0.904358 0.272725 0.89163 </float_array>
          <technique_common>
            <accessor count="1142" offset="0" source="#meshId0-tex0-array" stride="2">
              <param name="S" type="float" />
              <param name="T" type="float" />
            </accessor>
          </technique_common>
        </source>
        <vertices id="meshId0-vertices">
          <input semantic="POSITION" source="#meshId0-positions" />
        </vertices>
        <polylist count="942" material="defaultMaterial">
          <input offset="0" semantic="VERTEX" source="#meshId0-vertices" />
          <input offset="0" semantic="NORMAL" source="#meshId0-normals" />
          <input offset="0" semantic="TANGENT" source="#meshId0-tangents" />
          <input offset="0" semantic="BINORMAL" source="#meshId0-bitangents" />
          <input offset="0" semantic="TEXCOORD" source="#meshId0-tex0" set="0" />
          <vcount>3 3 3 3 3 3 3 3 3 3 3 3 3 3 3 3 3 3 3 3 3 3 3 3 3 3 3 3 3 3 3 3 3 3 3 3 3 3 3 3 3 3 3 3 3 3 3 3 3 3 3 3 3 3 3 3 3 3 3 3 3 3 3 3 3 3 3 3 3 3 3 3 3 3 3 3 3 3 3 3 3 3 3 3 3 3 3 3 3 3 3 3 3 3 3 3 3 3 3 3 3 3 3 3 3 3 3 3 3 3 3 3 3 3 3 3 3 3 3 3 3 3 3 3 3 3 3 3 3 3 3 3 3 3 3 3 3 3 3 3 3 3 3 3 3 3 3 3 3 3 3 3 3 3 3 3 3 3 3 3 3 3 3 3 3 3 3 3 3 3 3 3 3 3 3 3 3 3 3 3 3 3 3 3 3 3 3 3 3 3 3 3 3 3 3 3 3 3 3 3 3 3 3 3 3 3 3 3 3 3 3 3 3 3 3 3 3 3 3 3 3 3 3 3 3 3 3 3 3 3 3 3 3 3 3 3 3 3 3 3 3 3 3 3 3 3 3 3 3 3 3 3 3 3 3 3 3 3 3 3 3 3 3 3 3 3 3 3 3 3 3 3 3 3 3 3 3 3 3 3 3 3 3 3 3 3 3 3 3 3 3 3 3 3 3 3 3 3 3 3 3 3 3 3 3 3 3 3 3 3 3 3 3 3 3 3 3 3 3 3 3 3 3 3 3 3 3 3 3 3 3 3 3 3 3 3 3 3 3 3 3 3 3 3 3 3 3 3 3 3 3 3 3 3 3 3 3 3 3 3 3 3 3 3 3 3 3 3 3 3 3 3 3 3 3 3 3 3 3 3 3 3 3 3 3 3 3 3 3 3 3 3 3 3 3 3 3 3 3 3 3 3 3 3 3 3 3 3 3 3 3 3 3 3 3 3 3 3 3 3 3 3 3 3 3 3 3 3 3 3 3 3 3 3 3 3 3 3 3 3 3 3 3 3 3 3 3 3 3 3 3 3 3 3 3 3 3 3 3 3 3 3 3 3 3 3 3 3 3 3 3 3 3 3 3 3 3 3 3 3 3 3 3 3 3 3 3 3 3 3 3 3 3 3 3 3 3 3 3 3 3 3 3 3 3 3 3 3 3 3 3 3 3 3 3 3 3 3 3 3 3 3 3 3 3 3 3 3 3 3 3 3 3 3 3 3 3 3 3 3 3 3 3 3 3 3 3 3 3 3 3 3 3 3 3 3 3 3 3 3 3 3 3 3 3 3 3 3 3 3 3 3 3 3 3 3 3 3 3 3 3 3 3 3 3 3 3 3 3 3 3 3 3 3 3 3 3 3 3 3 3 3 3 3 3 3 3 3 3 3 3 3 3 3 3 3 3 3 3 3 3 3 3 3 3 3 3 3 3 3 3 3 3 3 3 3 3 3 3 3 3 3 3 3 3 3 3 3 3 3 3 3 3 3 3 3 3 3 3 3 3 3 3 3 3 3 3 3 3 3 3 3 3 3 3 3 3 3 3 3 3 3 3 3 3 3 3 3 3 3 3 3 3 3 3 3 3 3 3 3 3 3 3 3 3 3 3 3 3 3 3 3 3 3 3 3 3 3 3 3 3 3 3 3 3 3 3 3 3 3 3 3 3 3 3 3 3 3 3 3 3 3 3 3 3 3 3 3 3 3 3 3 3 3 3 3 3 3 3 3 3 3 3 3 3 3 3 3 3 3 3 3 3 3 3 3 3 3 3 3 3 3 3 3 3 3 3 3 3 3 3 3 3 3 3 3 3 3 3 3 3 3 3 3 3 3 3 3 3 3 3 3 3 3 3 3 3 3 3 3 3 3 3 3 3 3 3 3 3 3 3 3 3 3 3 3 3 3 3 3 3 3 3 3 3 3 3 3 3 3 3 3 3 3 3 3 3 3 3 3 3 3 3 3 3 3 3 3 3 3 3 3 3 3 3 3 3 3 3 3 3 3 3 3 3 3 3 3 3 3 3 3 3 3 3 3 3 3 3 3 3 3 3 3 3 3 3 3 3 3 3 3 3 3 3 3 3 3 3 3 3 3 3 3 3 3 3 3 3 3 3 3 3 3 3 3 3 3 3 3 3 3 </vcount>
          <p>3 0 1 1 2 3 7 4 5 5 6 7 11 8 9 9 10 11 15 12 13 13 14 15 6 5 16 16 17 6 10 9 18 18 19 10 21 15 14 14 20 21 25 22 23 23 24 25 29 26 27 27 28 29 17 16 30 30 31 17 35 32 33 33 34 35 19 18 36 36 37 19 39 29 28 28 38 39 43 40 41 41 42 43 45 44 40 40 43 45 37 36 46 46 47 37 49 48 44 44 45 49 49 50 51 51 48 49 55 52 53 53 54 55 57 56 51 51 50 57 61 58 59 59 60 61 63 23 22 22 62 63 63 64 65 65 23 63 67 55 54 54 66 67 60 59 68 68 69 60 73 70 71 71 72 73 70 74 75 75 71 70 79 76 77 77 78 79 76 80 81 81 77 76 85 82 83 83 84 85 89 86 87 87 88 89 86 90 91 91 87 86 90 92 93 93 91 90 97 94 95 95 96 97 94 98 99 99 95 94 103 100 101 101 102 103 100 104 105 105 101 100 109 106 107 107 108 109 106 110 111 111 107 106 115 112 113 113 114 115 112 116 117 117 113 112 119 118 4 4 7 119 123 120 121 121 122 123 125 124 120 120 123 125 127 126 124 124 125 127 129 128 126 126 127 129 145 130 131 145 131 132 145 132 133 145 133 134 145 134 135 145 135 136 145 136 137 145 137 138 145 138 139 145 139 140 145 140 141 145 141 142 145 142 143 143 144 145 149 146 147 147 148 149 69 68 146 146 149 69 153 150 151 151 152 153 155 41 40 40 154 155 156 27 34 34 150 156 158 66 54 54 157 158 160 44 48 48 159 160 162 20 14 14 161 162 164 38 28 28 163 164 166 51 56 56 165 166 168 1 0 0 167 168 24 23 65 65 169 24 154 40 44 44 160 154 150 34 33 33 151 150 157 54 53 53 170 157 159 48 51 51 166 159 163 28 27 27 156 163 161 14 13 13 171 161 173 159 166 166 172 173 175 163 156 156 174 175 174 156 150 150 153 174 176 160 159 159 173 176 177 164 163 163 175 177 178 154 160 160 176 178 180 157 170 170 179 180 181 155 154 154 178 181 182 158 157 157 180 182 184 168 167 167 183 184 186 24 169 169 185 186 188 161 171 171 187 188 189 25 24 24 186 189 190 162 161 161 188 190 172 166 165 165 191 172 195 192 193 193 194 195 199 196 197 197 198 199 203 200 201 201 202 203 205 204 192 192 195 205 207 206 200 200 203 207 211 208 209 209 210 211 215 212 213 213 214 215 219 216 217 217 218 219 223 220 221 221 222 223 222 221 212 212 215 222 225 224 216 216 219 225 229 226 227 227 228 229 231 230 224 224 225 231 233 232 226 226 229 233 237 234 235 235 236 237 241 238 239 239 240 241 245 242 243 243 244 245 249 246 247 247 248 249 253 250 251 251 252 253 257 254 255 255 256 257 259 258 250 250 253 259 263 260 261 261 262 263 267 264 265 265 266 267 269 268 260 260 263 269 271 270 264 264 267 271 275 272 273 273 274 275 279 276 277 277 278 279 283 280 281 281 282 283 287 284 285 285 286 287 286 285 276 276 279 286 198 197 280 280 283 198 248 247 288 288 289 248 293 290 291 291 292 293 297 294 295 295 296 297 301 298 299 299 300 301 305 302 303 303 304 305 309 306 307 307 308 309 311 310 302 302 305 311 315 312 313 313 314 315 319 316 317 317 318 319 321 320 312 312 315 321 323 322 316 316 319 323 327 324 325 325 326 327 331 328 329 329 330 331 335 332 333 333 334 335 339 336 337 337 338 339 338 337 328 328 331 338 292 291 332 332 335 292 300 299 340 340 341 300 345 342 343 343 344 345 349 346 347 347 348 349 348 347 294 294 297 348 351 350 342 342 345 351 353 352 346 346 349 353 355 354 350 350 351 355 359 356 357 357 358 359 361 360 354 354 355 361 363 362 356 356 359 363 367 364 365 365 366 367 371 368 369 369 370 371 375 372 373 373 374 375 377 376 368 368 371 377 379 378 372 372 375 379 344 343 380 380 381 344 385 382 383 383 384 385 389 386 387 387 388 389 393 390 391 391 392 393 395 394 382 382 385 395 397 396 390 390 393 397 401 398 399 399 400 401 405 402 403 403 404 405 409 406 407 407 408 409 413 410 411 411 412 413 412 411 402 402 405 412 415 414 406 406 409 415 419 416 417 417 418 419 421 420 414 414 415 421 423 422 416 416 419 423 427 424 425 425 426 427 431 428 429 429 430 431 435 432 433 433 434 435 439 436 437 437 438 439 443 440 441 441 442 443 447 444 445 445 446 447 451 448 449 449 450 451 453 452 444 444 447 453 457 454 455 455 456 457 461 458 459 459 460 461 463 462 454 454 457 463 465 464 458 458 461 465 469 466 467 467 468 469 473 470 471 471 472 473 477 474 475 475 476 477 481 478 479 479 480 481 480 479 470 470 473 480 388 387 474 474 477 388 442 441 482 482 483 442 487 484 485 485 486 487 491 488 489 489 490 491 490 489 436 436 439 490 493 492 484 484 487 493 495 494 488 488 491 495 497 496 492 492 493 497 501 498 499 499 500 501 503 502 496 496 497 503 505 504 498 498 501 505 509 506 507 507 508 509 513 510 511 511 512 513 517 514 515 515 516 517 519 518 510 510 513 519 521 520 514 514 517 521 486 485 522 522 523 486 527 524 525 525 526 527 531 528 529 529 530 531 535 532 533 533 534 535 537 536 524 524 527 537 539 538 532 532 535 539 543 540 541 541 542 543 547 544 545 545 546 547 551 548 549 549 550 551 555 552 553 553 554 555 554 553 544 544 547 554 557 556 548 548 551 557 561 558 559 559 560 561 563 562 556 556 557 563 565 564 558 558 561 565 569 566 567 567 568 569 573 570 571 571 572 573 577 574 575 575 576 577 581 578 579 579 580 581 585 582 583 583 584 585 589 586 587 587 588 589 593 590 591 591 592 593 595 594 586 586 589 595 599 596 597 597 598 599 603 600 601 601 602 603 605 604 596 596 599 605 607 606 600 600 603 607 611 608 609 609 610 611 615 612 613 613 614 615 619 616 617 617 618 619 623 620 621 621 622 623 622 621 612 612 615 622 530 529 616 616 619 530 584 583 624 624 625 584 629 626 627 627 628 629 633 630 631 631 632 633 632 631 578 578 581 632 635 634 626 626 629 635 637 636 630 630 633 637 639 638 634 634 635 639 643 640 641 641 642 643 645 644 638 638 639 645 647 646 640 640 643 647 651 648 649 649 650 651 655 652 653 653 654 655 659 656 657 657 658 659 661 660 652 652 655 661 663 662 656 656 659 663 628 627 664 664 665 628 669 666 667 667 668 669 673 670 671 671 672 673 677 674 675 675 676 677 679 678 666 666 669 679 681 680 674 674 677 681 685 682 683 683 684 685 689 686 687 687 688 689 693 690 691 691 692 693 697 694 695 695 696 697 696 695 686 686 689 696 699 698 690 690 693 699 703 700 701 701 702 703 705 704 698 698 699 705 707 706 700 700 703 707 711 708 709 709 710 711 715 712 713 713 714 715 719 716 717 717 718 719 723 720 721 721 722 723 727 724 725 725 726 727 731 728 729 729 730 731 735 732 733 733 734 735 737 736 728 728 731 737 741 738 739 739 740 741 745 742 743 743 744 745 747 746 738 738 741 747 749 748 742 742 745 749 753 750 751 751 752 753 757 754 755 755 756 757 761 758 759 759 760 761 765 762 763 763 764 765 764 763 754 754 757 764 672 671 758 758 761 672 726 725 766 766 767 726 771 768 769 769 770 771 775 772 773 773 774 775 774 773 720 720 723 774 777 776 768 768 771 777 779 778 772 772 775 779 781 780 776 776 777 781 785 782 783 783 784 785 787 786 780 780 781 787 789 788 782 782 785 789 793 790 791 791 792 793 797 794 795 795 796 797 801 798 799 799 800 801 803 802 794 794 797 803 805 804 798 798 801 805 770 769 806 806 807 770 811 808 809 809 810 811 815 812 813 813 814 815 817 816 812 812 815 817 821 818 819 819 820 821 823 822 816 816 817 823 827 824 825 825 826 827 829 828 822 822 823 829 831 830 824 824 827 831 833 832 828 828 829 833 835 834 832 832 833 835 839 836 837 837 838 839 810 809 840 840 841 810 820 819 834 834 835 820 841 840 836 836 839 841 838 837 842 842 843 838 843 842 830 830 831 843 845 815 814 814 844 845 847 843 831 831 846 847 849 811 810 810 848 849 851 821 820 820 850 851 852 817 815 815 845 852 854 827 826 826 853 854 855 823 817 817 852 855 846 831 827 827 854 846 856 829 823 823 855 856 848 810 841 841 857 848 858 833 829 829 856 858 859 838 843 843 847 859 860 835 833 833 858 860 861 839 838 838 859 861 850 820 835 835 860 850 857 841 839 839 861 857 865 862 863 863 864 865 869 866 867 867 868 869 871 870 862 862 865 871 873 872 866 866 869 873 875 874 870 870 871 875 879 876 877 877 878 879 864 863 880 880 881 864 885 882 883 883 884 885 889 886 887 887 888 889 891 890 876 876 879 891 895 892 893 893 894 895 899 896 897 897 898 899 901 900 892 892 895 901 903 902 896 896 899 903 884 883 904 904 905 884 868 867 902 902 903 868 909 906 907 907 908 909 908 907 910 910 911 908 911 910 912 912 913 911 913 912 914 914 915 913 917 909 908 908 916 917 916 908 911 911 918 916 918 911 913 913 919 918 919 913 915 915 920 919 922 917 916 916 921 922 921 916 918 918 923 921 923 918 919 919 924 923 924 919 920 920 925 924 927 922 921 921 926 927 926 921 923 923 928 926 928 923 924 924 929 928 929 924 925 925 930 929 934 931 932 932 933 934 933 932 935 935 936 933 940 937 938 938 939 940 939 938 941 941 942 939 944 934 933 933 943 944 943 933 936 936 945 943 947 940 939 939 946 947 946 939 942 942 948 946 950 944 943 943 949 950 949 943 945 945 951 949 953 947 946 946 952 953 952 946 948 948 954 952 956 950 949 949 955 956 955 949 951 951 957 955 959 953 952 952 958 959 963 960 961 961 962 963 967 964 965 965 966 967 966 965 968 968 969 966 969 968 970 970 971 969 971 970 972 972 973 971 975 967 966 966 974 975 974 966 969 969 976 974 976 969 971 971 977 976 977 971 973 973 978 977 961 975 974 974 979 961 979 974 976 976 980 979 980 976 977 977 981 980 981 977 978 978 982 981 962 961 979 979 983 962 983 979 980 980 984 983 984 980 981 981 985 984 985 981 982 982 986 985 990 987 988 988 989 990 989 988 991 991 992 989 996 993 994 994 995 996 995 994 997 997 998 995 1000 990 989 989 999 1000 999 989 992 992 1001 999 1003 996 995 995 1002 1003 1002 995 998 998 1004 1002 1006 1000 999 999 1005 1006 1005 999 1001 1001 1007 1005 1009 1003 1002 1002 1008 1009 1008 1002 1004 1004 1010 1008 1012 1006 1005 1005 1011 1012 1011 1005 1007 1007 1013 1011 1015 1009 1008 1008 1014 1015 1014 1008 1010 1010 1016 1014 879 878 991 991 988 879 885 884 994 994 993 885 884 905 997 997 994 884 875 871 907 907 906 875 871 865 910 910 907 871 865 864 912 912 910 865 864 881 914 914 912 864 901 895 932 932 931 901 895 894 935 935 932 895 889 888 938 938 937 889 888 1017 941 941 938 888 869 868 965 965 964 869 868 903 968 968 965 868 903 899 970 970 968 903 899 898 972 972 970 899 891 879 988 988 987 891 1021 1018 1019 1019 1020 1021 1020 1019 1022 1022 1023 1020 1023 1022 1024 1024 1025 1023 1025 1024 1026 1026 1027 1025 1029 1021 1020 1020 1028 1029 1028 1020 1023 1023 1030 1028 1030 1023 1025 1025 1031 1030 1031 1025 1027 1027 1032 1031 1036 1033 1034 1034 1035 1036 1035 1034 1037 1037 1038 1035 1038 1037 1039 1039 1040 1038 1040 1039 1041 1041 1042 1040 1044 1036 1035 1035 1043 1044 1043 1035 1038 1038 1045 1043 1045 1038 1040 1040 1046 1045 1046 1040 1042 1042 1047 1046 1051 1048 1049 1049 1050 1051 1055 1052 1053 1053 1054 1055 1059 1056 1057 1057 1058 1059 1063 1060 1061 1061 1062 1063 1067 1064 1065 1065 1066 1067 1050 1049 1068 1068 1069 1050 1054 1053 1070 1070 1071 1054 1058 1057 1060 1060 1063 1058 1075 1072 1073 1073 1074 1075 1069 1068 1076 1076 1077 1069 1081 1078 1079 1079 1080 1081 1062 1061 1082 1082 1083 1062 1085 1084 1048 1048 1051 1085 1077 1076 1086 1086 1087 1077 1080 1079 1088 1088 1089 1080 1091 1090 1064 1064 1067 1091 1095 1092 1093 1093 1094 1095 1097 1095 1094 1094 1096 1097 1101 1098 1099 1099 1100 1101 1103 1101 1100 1100 1102 1103 1107 1104 1105 1105 1106 1107 1111 1108 1109 1109 1110 1111 1115 1112 1113 1113 1114 1115 1117 1115 1114 1114 1116 1117 1119 1117 1116 1116 1118 1119 1123 1120 1121 1121 1122 1123 1127 1124 1125 1125 1126 1127 1129 1127 1126 1126 1128 1129 1133 1130 1131 1131 1132 1133 1137 1134 1135 1135 1136 1137 1139 1137 1136 1136 1138 1139 1092 1140 1141 1141 1093 1092 26 35 34 34 27 26 </p>
        </polylist>
      </mesh>
    </geometry>
  </library_geometries>
  <library_visual_scenes>
    <visual_scene id="root" name="root">
      <node id="pillar" name="pillar">
        <matrix>1 0 0 0 0 1 0 0 0 0 1 0 0 0 0 1</matrix>
        <instance_geometry url="#meshId0">
          <bind_material>
            <technique_common>
              <instance_material symbol="defaultMaterial" target="#mPilalr" />
            </technique_common>
          </bind_material>
        </instance_geometry>
      </node>
    </visual_scene>
  </library_visual_scenes>
  <scene>
    <instance_visual_scene url="#root" />
  </scene>
</COLLADA>
